number,Book Title,Author,Grade,School,,,,
1,감자 좀 달라고요!,모린 퍼거스,1학년,초등학교,,,,
2,거인이 제일 좋아하는 맛,오주영,1학년,초등학교,,,,
3,긴긴 겨울잠에 폭 빠진 동물들,미셸 프란체스코니,1학년,초등학교,,,,
4,까르르 깔깔,이상교,1학년,초등학교,,,,
5,까불지 마!,강무홍,1학년,초등학교,,,,
6,꿈을 만드는 달빛 공장,존 로코,1학년,초등학교,,,,
7,나랑 밥 먹을 사람,신순재,1학년,초등학교,,,,
8,내 짝꿍이 최고야,수지 클라인,1학년,초등학교,,,,
9,노란 장화,허정윤,1학년,초등학교,,,,
10,달래네 꽃놀이,김세실,1학년,초등학교,,,,
11,독수리와 굴뚝새,제인 구달,1학년,초등학교,,,,
12,돼지왕,닉 블랜드,1학년,초등학교,,,,
13,두근두근,이석구,1학년,초등학교,,,,
14,"말해 봐, 들어 줄게",콜린 피에레,1학년,초등학교,,,,
15,맴,장현정,1학년,초등학교,,,,
16,미영이,전미화,1학년,초등학교,,,,
17,병원,네티 반 카트호벤,1학년,초등학교,,,,
18,분홍 몬스터,올가 데 디오스,1학년,초등학교,,,,
19,뼈있는 바다 생물,밥 바너,1학년,초등학교,,,,
20,사라진 다이아몬드를 찾아라!,셜리 휴즈,1학년,초등학교,,,,
21,사자가 작아졌어!,정성훈,1학년,초등학교,,,,
22,생명을 품은 바다 이야기,키아라 카르미나티,1학년,초등학교,,,,
23,생태 통로,김황,1학년,초등학교,,,,
24,세상에서 가장 소중한 너에게,에이미 크루즈 로젠탈,1학년,초등학교,,,,
25,세상에서 제일 좋은 집,베아트리체 마시니,1학년,초등학교,,,,
26,세상을 놀라게 한 세잔의 사과,박수현,1학년,초등학교,,,,
27,스티나의 여름,레나 안데르손,1학년,초등학교,,,,
28,스티나의 허풍쟁이 할아버지를 찾아서,레나 안데르손,1학년,초등학교,,,,
29,씨실 공주 날실 공주,안영현,1학년,초등학교,,,,
30,"아빠, 나한테 물어봐",버나드 와버,1학년,초등학교,,,,
31,"아빠, 받아쓰기가 왜 어렵지?",노정임,1학년,초등학교,,,,
32,아빠를 버렸어요,소중애,1학년,초등학교,,,,
33,안돼 내거야,엘리센다 로카,1학년,초등학교,,,,
34,언니의 새 자전거,마쓰이 라후,1학년,초등학교,,,,
35,엄마가 오는 길,모토시타 이즈미,1학년,초등학교,,,,
36,엿서리 특공대,박상률,1학년,초등학교,,,,
37,우당탕탕! 다모여 밴드,"큰일기, 박종채",1학년,초등학교,,,,
38,우리가 꿈꾸는 자유,넬슨 만델라 외 17명,1학년,초등학교,,,,
39,우리가 도와줄게,장선환,1학년,초등학교,,,,
40,우리는 소중한 친구,에릭 바튀,1학년,초등학교,,,,
41,이상한 분실물 보관소,김영진,1학년,초등학교,,,,
42,절반 줘,야마시타 하루오,1학년,초등학교,,,,
43,책 읽는 유령 크니기,벤야민 좀머할더,1학년,초등학교,,,,
44,"축구치 하람이, 나이쓰!",윤여림,1학년,초등학교,,,,
45,친구란 어떤 사람일까?,채인선,1학년,초등학교,,,,
46,탄 빵,이나래,1학년,초등학교,,,,
47,팥죽 호랑이와 일곱 녀석,최은옥,1학년,초등학교,,,,
48,한가위만 같아라,무돌,1학년,초등학교,,,,
49,홍동지의 탄생,우봉규,1학년,초등학교,,,,
50,희망의 샘물,에릭 월터스,1학년,초등학교,,,,
51,걱정 지우개,서석영,2학년,초등학교,,,,
52,건강을 책임지는 책,채인선,2학년,초등학교,,,,
53,공부 잘하게 해 주는 빵,김리라,2학년,초등학교,,,,
54,나도 서서 눌 테야,이 향안,2학년,초등학교,,,,
55,나의 보물 1호는 바로 나야!,김하늬,2학년,초등학교,,,,
56,나토비가 나타났다,김리라,2학년,초등학교,,,,
57,놀이기구를 타면 왜 어지러울까?,패트리샤 맥네어,2학년,초등학교,,,,
58,누가 우리 엄마예요?,브리기테 엔드레스,2학년,초등학교,,,,
59,늙은 쥐와 할아버지,이상교,2학년,초등학교,,,,
60,도둑맞은 다이아몬드,데이비드 A. 애들러,2학년,초등학교,,,,
61,두근두근 걱정대장,우미옥,2학년,초등학교,,,,
62,뜨개질하는 소년,크레이그 팜랜즈,2학년,초등학교,,,,
63,마녀의 슈크림,오카다 준,2학년,초등학교,,,,
64,마른하늘에 날벼락 치는 변덕쟁이 날씨,안느 클레르 레베크,2학년,초등학교,,,,
65,멋진 화요일,데이지 므라즈코바,2학년,초등학교,,,,
66,물방울 콘테스트,마일두,2학년,초등학교,,,,
67,박상구의 좋은 점 찾기,신채연,2학년,초등학교,,,,
68,백년손님,이영아,2학년,초등학교,,,,
69,벌집이 너무 좁아!,안드레스 피 안드레우,2학년,초등학교,,,,
70,별난 요리사의 행복 레시피,정설희,2학년,초등학교,,,,
71,부글부글 끓다가 펑 터진 화산,프랑수아즈 로랑,2학년,초등학교,,,,
72,분홍이 어때서,하신하,2학년,초등학교,,,,
73,사라진 트로피,데이비드 A. 애들러,2학년,초등학교,,,,
74,산이 코앞으로 다가왔다,김용택,2학년,초등학교,,,,
75,삼총사가 나가신다,신순재,2학년,초등학교,,,,
76,생명을 가꾸는 나무,케이트 메스너,2학년,초등학교,,,,
77,선생님도 한번 봐 봐요,이숙현,2학년,초등학교,,,,
78,수학이 쉬워지는 곱셈구구,로지 디킨스,2학년,초등학교,,,,
79,순이와 빨간 상자,고우리,2학년,초등학교,,,,
80,스마트폰과 절교한 날,유순희,2학년,초등학교,,,,
81,식물은 어떻게 겨울나기를 하나요?,한영식,2학년,초등학교,,,,
82,아름다운 철도원과 고양이 역장,박상재,2학년,초등학교,,,,
83,어느 날 목욕탕에서,박현숙,2학년,초등학교,,,,
84,어떤 날,성영란,2학년,초등학교,,,,
85,여행,신형건,2학년,초등학교,,,,
86,영원의 꽃,마이클 로렌,2학년,초등학교,,,,
87,우리 집 욕실이 궁금해?,크리스티나 립카-슈타르바워,2학년,초등학교,,,,
88,울타리를 넘는 방법이 하나일까요?,야엘 비란,2학년,초등학교,,,,
89,위대한 건축가 안토니오 가우디의 하루,포 에스트라다,2학년,초등학교,,,,
90,이웃의 이웃에는 누가 살지?,채인선,2학년,초등학교,,,,
91,작은 발견,이보나 흐미엘레프스카,2학년,초등학교,,,,
92,친절한 거인,마이클 모퍼고,2학년,초등학교,,,,
93,"캠, 카메라를 도둑 맞다",데이비드 A. 애들러,2학년,초등학교,,,,
94,토끼 뿅이 동화 쓴 날,후나자키 요시히코,2학년,초등학교,,,,
95,풀꽃,"위정현, 윤문영",2학년,초등학교,,,,
96,풋사랑,곽미영,2학년,초등학교,,,,
97,한강을 따라가요,박승규,2학년,초등학교,,,,
98,한밤의 선물,홍순미,2학년,초등학교,,,,
99,할머니가 또 시집간대요,김원미,2학년,초등학교,,,,
100,"고사성어의 숨은 뜻을 찾아라 1,2","김부일,박강륵",3학년,초등학교,,,,
101,공부를 안 해도,이지안,3학년,초등학교,,,,
102,과학과 문화가 보이는 다리 건너기,에르나 오슬란,3학년,초등학교,,,,
103,"그래서 이런 과학이 생겼대요 1. 지구과학, 물리",우리누리,3학년,초등학교,,,,
104,그래서 이런 맞춤법이 생겼대요,우리누리,3학년,초등학교,,,,
105,꼬마 셰프의 요리쿡 조리쿡,안젤라 윌크스,3학년,초등학교,,,,
106,꼬마 원시인 작은코 1.꼬마 매머드 두눈이,존 그랜트,3학년,초등학교,,,,
107,낡은 사진 속 이야기,천롱,3학년,초등학교,,,,
108,내 친구 네이선,메리 바,3학년,초등학교,,,,
109,내가 가게를 만든다면?,김서윤,3학년,초등학교,,,,
110,놀란 박사의 무인도 대탈출,게리 베일리,3학년,초등학교,,,,
111,늑대가 된 아이,클레망틴 보베,3학년,초등학교,,,,
112,늑대들이 사는 집,허가람,3학년,초등학교,,,,
113,단추마녀의 장난감 백화점,정란희,3학년,초등학교,,,,
114,돌담 너머 비밀의 집,오채,3학년,초등학교,,,,
115,동작대교에 버려진 검둥개 럭키,박현숙,3학년,초등학교,,,,
116,둥글둥글 지구촌 지리 이야기,박신식,3학년,초등학교,,,,
117,뚝딱뚝딱 동물 건축가들,다니엘 나사르,3학년,초등학교,,,,
118,뚱뚱 학교 황금 똥 누는 날,김현태,3학년,초등학교,,,,
119,마녀 교장과 아주 특별한 시계,김해우,3학년,초등학교,,,,
120,마야는 자연이 좋아요,울프 스베드베리,3학년,초등학교,,,,
121,물길을 만드는 아이,홍종의,3학년,초등학교,,,,
122,박물관 공룡 뼈가 수상해,데이비드 A. 애들러,3학년,초등학교,,,,
123,변덕쟁이 날씨의 비밀을 밝혀라!,이챠니,3학년,초등학교,,,,
124,북두칠성이 된 일곱 쌍둥이,서정오,3학년,초등학교,,,,
125,(바람개비 의사) 이길여,백은하,3학년,초등학교,,,,
126,사회 공부는 왜 하는걸까?,김서윤,3학년,초등학교,,,,
127,삼촌은 길박사,양연주,3학년,초등학교,,,,
128,세상을 돌고 도는 놀라운 물의 여행,맬컴 로즈,3학년,초등학교,,,,
129,수학 선생님도 궁금한 101가지 초등수학 질문사전,김남준 외 5명,3학년,초등학교,,,,
130,스토리텔링 초등 우리말 교과서 1,김일옥 외 2명,3학년,초등학교,,,,
131,신통방통 신기한 암탉,박상규,3학년,초등학교,,,,
132,심심할매의 명심보감 레시피,고향숙 • 이도현,3학년,초등학교,,,,
133,애완동물 키우기 대작전,김리리,3학년,초등학교,,,,
134,"얘들아, 신화로 글쓰기 하자!",정성현,3학년,초등학교,,,,
135,어린이를 위한 발명과 발견 교과서,스티브 파커,3학년,초등학교,,,,
136,엄마의 집 티피,강민경,3학년,초등학교,,,,
137,엘리자베스의 편지,엠마뉘엘 코소 메라드,3학년,초등학교,,,,
138,여기는 대한민국 푸른 섬 독도리입니다,장지혜,3학년,초등학교,,,,
139,와이파이를 먹어버린 펄럭 바지들,박은숙,3학년,초등학교,,,,
140,용감한 개 푸치를 찾아라,데이비드 A. 애들러,3학년,초등학교,,,,
141,용감한 리나,이경혜,3학년,초등학교,,,,
142,우리 엄마는 응우웬티기에우짱,신채연,3학년,초등학교,,,,
143,이대로가 아닌 이대로,안오일,3학년,초등학교,,,,
144,이제 집으로 가자,강진주,3학년,초등학교,,,,
145,처음 만나는 직업책 2,김향금,3학년,초등학교,,,,
146,최고를 꿈꾼 도화서 화원이야기,박정란,3학년,초등학교,,,,
147,친구는 서로를 춤추게 하는 거야!,조이 카울리,3학년,초등학교,,,,
148,평화를 전하는 발걸음 조선통신사,강응천,3학년,초등학교,,,,
149,할머니 어디 계세요?,에드먼드 림,3학년,초등학교,,,,
150,15소년 안전 표류기,강승임,4학년,초등학교,,,,
151,4만 년 전 비밀을 품은 아이,한영미,4학년,초등학교,,,,
152,개답게 살 테야!,강무홍,4학년,초등학교,,,,
153,건방이의 건방진 수련기 2,천효정,4학년,초등학교,,,,
154,검은 꽃 슬아의 꿈,이영,4학년,초등학교,,,,
155,경주로 보는 신라,안미연,4학년,초등학교,,,,
156,궁금쟁이 김 선비 우리 전통 과학에 쏙 빠졌네!,서선연,4학년,초등학교,,,,
157,귀신 선생과 공부벌레들,최은영,4학년,초등학교,,,,
158,꼬마 선장,파울 비겔,4학년,초등학교,,,,
159,"꼴찌 야구단, 기적을 이루다!",나탈리 하이드,4학년,초등학교,,,,
160,꿈꾸는 고래 아이딘,조르디 시에라,4학년,초등학교,,,,
161,나는 수요일의 소녀입니다,안미란,4학년,초등학교,,,,
162,나만 아니면 괜찮을까?,"필리스 카우프만 굿스타인,",4학년,초등학교,,,,
,,엘리자베스 버딕,,초등학교,,,,
163,내가 그런 게 아니야!,임서경,4학년,초등학교,,,,
164,눈으로 보고 손으로 만드는 한국사 유물 열아홉,안민영,4학년,초등학교,,,,
165,단군 왕검과 고조선 그리고 그 이전의 역사,어린이독서연구원,4학년,초등학교,,,,
166,동전이 사라지는 마술,케이트 이건,4학년,초등학교,,,,
167,마테마티카 수학 대탐험1,스토리베리,4학년,초등학교,,,,
168,마테마티카 수학 대탐험2,스토리베리,4학년,초등학교,,,,
169,메시,예프테 다르스키,4학년,초등학교,,,,
170,몸이 불편해도 못 할건 없어!,이리나 야시나,4학년,초등학교,,,,
171,믿거나 말거나 속담 이야기,임덕연,4학년,초등학교,,,,
172,바이러스 감염 소동,콘스탄틴 스크리프킨,4학년,초등학교,,,,
173,백두에서 한라까지 우리나라 지도 여행,조지욱,4학년,초등학교,,,,
174,백제,어린이독서연구원,4학년,초등학교,,,,
175,브뢰겔(익살과 풍자로 가득한 풍속화),이연식,4학년,초등학교,,,,
176,빨리 놀자 삼총사,채인선,4학년,초등학교,,,,
177,사랑은 인기 순이 아니야,하나가타 미쓰루,4학년,초등학교,,,,
178,세상을 움직이는 교통이야기,베로니크 코르지베,4학년,초등학교,,,,
179,수학 없는 수학,애나 웰트만,4학년,초등학교,,,,
180,쉽고 재미있게 지도 읽는 법,조 폴맨,4학년,초등학교,,,,
181,"아, 너였구나!",권영상,4학년,초등학교,,,,
182,어린이 손바느질,김리경,4학년,초등학교,,,,
183,어쩌면 인류 최초의 벽화 이야기,데이비드 젤처,4학년,초등학교,,,,
184,엄마 VS 나,이욱재,4학년,초등학교,,,,
185,엄마 사용 설명서,이토 미쿠,4학년,초등학교,,,,
186,역사의 나들목 여기는 항구,조성은,4학년,초등학교,,,,
187,예술과 과학을 융합한 천재 레오나르도 다 빈치,장-밥티스트 드 파나피유,4학년,초등학교,,,,
188,"옛 그림은 재미있다, 여기는 상상미술관",전영실,4학년,초등학교,,,,
189,"오각형 꽃, 삼각형 줄기, 육각형 눈",이윤숙,4학년,초등학교,,,,
190,우리 동네 미완성 천사,샤론 크리치,4학년,초등학교,,,,
191,우리 엄마 바꾸기,정임조,4학년,초등학교,,,,
192,우주에서 온 통조림,사토 사토루,4학년,초등학교,,,,
193,"웰컴투, 올림포스",베아트리스 보테,4학년,초등학교,,,,
194,조국 독립을 노래하다 음악 혁명가 한형석,최형미,4학년,초등학교,,,,
195,쥐포스타일,김지영,4학년,초등학교,,,,
196,진실동 만행 박물관,고정욱,4학년,초등학교,,,,
197,포기하지마 !,구스노키 시게노리,4학년,초등학교,,,,
198,할머니의 앵무새,심소정,4학년,초등학교,,,,
199,가짜 나무로부터 진짜 나무를 지켜라!,야네카 스호펠트,5학년,초등학교,,,,
200,고모는 안드로이드,니콜라스 앨런,5학년,초등학교,,,,
201,고양이는 알고 있다!,전성희,5학년,초등학교,,,,
202,골목의 아이들,이병승,5학년,초등학교,,,,
203,과학논쟁,함석진,5학년,초등학교,,,,
204,광대 달문,김영주,5학년,초등학교,,,,
205,괴도 퀸 1,하야미네 가오루,5학년,초등학교,,,,
206,귀명창과 사라진 소리꾼,한정영,5학년,초등학교,,,,
207,그러니까 경제가 필요해,석혜원,5학년,초등학교,,,,
208,나무 위의 물고기,린다 멀랠리 헌트,5학년,초등학교,,,,
209,내 동생이 수상하다,성완,5학년,초등학교,,,,
210,내 몸무게가 어때서?,이토 미쿠,5학년,초등학교,,,,
211,"너는 하늘을 그려, 나는 땅을 그릴게",설흔,5학년,초등학교,,,,
212,놀이공원에서 즐기는 세계사,최미소,5학년,초등학교,,,,
213,느릅골 아이들,임길택,5학년,초등학교,,,,
214,"덤이요, 덤!",한영미,5학년,초등학교,,,,
215,"동지야, 가자!",한영미,5학년,초등학교,,,,
216,딴지 도령과 걸어다니는 책,김주현,5학년,초등학교,,,,
217,마지막 이벤트,유은실,5학년,초등학교,,,,
218,문주란 꽃이 필 때,김재황,5학년,초등학교,,,,
219,"물도사 수선, 한양의 물장수가 되다",정창권,5학년,초등학교,,,,
220,별빛 아이,배봉기,5학년,초등학교,,,,
221,세상을 바꾼 상상력 사과 한 알,정연숙,5학년,초등학교,,,,
222,세상의 모든 미술,수지 하지,5학년,초등학교,,,,
223,세상의 모든 음악,조 풀먼,5학년,초등학교,,,,
224,소학에 미친 고집쟁이 김굉필,이종란,5학년,초등학교,,,,
225,속담 한 상 푸짐하네!,박정아,5학년,초등학교,,,,
226,수학으로 범죄 사건을 해결하라!,리위페이,5학년,초등학교,,,,
227,숭례문 할아버지,허순영,5학년,초등학교,,,,
228,신비한 눈의 비밀,스티브 젠킨스,5학년,초등학교,,,,
229,암탉이 응애응애,텔모 피에바니,5학년,초등학교,,,,
230,오늘 떠든사람 누구야?,윤해연,5학년,초등학교,,,,
231,용감무쌍 오총사와 수상한 소금 전쟁,이경순,5학년,초등학교,,,,
232,우리 안의 얼간이를 찾아서,앨리슨 휴스,5학년,초등학교,,,,
233,조선의 도공 동이,윤자명,5학년,초등학교,,,,
234,지금은 라디오 시대,이보림,5학년,초등학교,,,,
235,참깨밭 너구리,유승희,5학년,초등학교,,,,
236,천년의 노래 아리랑,오주영,5학년,초등학교,,,,
237,카리브 해의 상어,메리 폽 어즈번,5학년,초등학교,,,,
238,케빈의 고장난 거짓말,게리 폴슨,5학년,초등학교,,,,
239,코르착 선생님과 아이들의 마지막 여행,이렌느 코앙-장카,5학년,초등학교,,,,
240,타임머신 북머신,권타오,5학년,초등학교,,,,
241,한국사 사전(통합본),김한종 외,5학년,초등학교,,,,
242,행복한 세상을 만드는 평화 수업,베로니크 코르지베,5학년,초등학교,,,,
243,효자 임금 정조의 화성행차,햇살과나무꾼,5학년,초등학교,,,,
244,휴가 온 외계인,클리트 배럿 스미스,5학년,초등학교,,,,
245,흥청망청과 땡전이 웬 말?,이경순,5학년,초등학교,,,,
246,10대를 위한 경제학 수첩,김완배,6학년,초등학교,,,,
247,가장 완전하게 다시 만든 앨리스,루이스 캐럴,6학년,초등학교,,,,
248,그래도,권타오,6학년,초등학교,,,,
249,꼬마 손자병법,문경민,6학년,초등학교,,,,
250,"나몰라 아저씨, 여기서 이러시면 안 돼요!",게라르도 콜롬보,6학년,초등학교,,,,
,,마리나 모르푸르고,,초등학교,,,,
251,나무에서 떨어진 뜻밖의 선물,샤론 크리치,6학년,초등학교,,,,
252,내 이름은 직지,이규희,6학년,초등학교,,,,
253,노잣돈 갚기 프로젝트,김진희,6학년,초등학교,,,,
254,달라도 두렵지 않아,크리스 힐,6학년,초등학교,,,,
255,달빛도시 동물들의 권리 투쟁기,김향금,6학년,초등학교,,,,
256,당근 먹는 사자 네오,강경호,6학년,초등학교,,,,
257,대화합시다 함께 삽시다-생명평화의 스님 도법,임어진,6학년,초등학교,,,,
258,도피안산 일지,우봉규,6학년,초등학교,,,,
259,동요에서 찾은 놀라운 수학 원리,송은영,6학년,초등학교,,,,
260,레 미제라블,빅토르 위고,6학년,초등학교,,,,
261,루시 변주곡,사라 자르,6학년,초등학교,,,,
262,만들어진 나!,니콜라우스 뉘첼,6학년,초등학교,,,,
263,모르는 아이,장성자,6학년,초등학교,,,,
264,"미켈란젤로, 고난을 딛고 예술혼을 피어올리다",최병진,6학년,초등학교,,,,
265,바느질 소녀,송미경,6학년,초등학교,,,,
266,부와 가난은 어떻게 만들어지나요?,"모니크 팽송,",6학년,초등학교,,,,
,,샤를로 미셸 팽송,,초등학교,,,,
267,비밀의 집 1,"크리스 콜롬버스,",6학년,초등학교,,,,
,,네드 비지니,,초등학교,,,,
268,생각하게 만드는 책,스티븐 로,6학년,초등학교,,,,
269,성균관 공부 벌레들,"권도일, 남수진",6학년,초등학교,,,,
270,수상한 동물 농장,베로니카 코샌텔리,6학년,초등학교,,,,
271,수상한 우리 반,박현숙,6학년,초등학교,,,,
272,신윤복 갤러리,이광표,6학년,초등학교,,,,
273,역사가 숨 쉬는 우리 성곽,윤민용,6학년,초등학교,,,,
274,이상한 도둑과 산학 소년 강산이,황은주,6학년,초등학교,,,,
275,이야기 교과서 한국사 1 (고조선부터 삼국시대까지),문재갑,6학년,초등학교,,,,
276,이야기 교과서 한국사 2 (통일 신라와 발해의 남북극 시대),문재갑,6학년,초등학교,,,,
277,이야기로 엮은 우리 미술사,엄광용,6학년,초등학교,,,,
278,자연에서 배우는 발명의 기술,지그리트 벨처,6학년,초등학교,,,,
279,저녁까지만 거짓말하기로 한 날,신현이,6학년,초등학교,,,,
280,정의의 악플러,김혜영,6학년,초등학교,,,,
281,주홍 따오기 눈물,질 르위스,6학년,초등학교,,,,
282,지구 속 여행,쥘 베른,6학년,초등학교,,,,
283,지붕을 달리는 아이들,캐서린 런델,6학년,초등학교,,,,
284,"찰칵, 내 삶의 퍼즐 조각",마리 콜로,6학년,초등학교,,,,
285,"책바이러스 LIV3, 책의 죽음",크리스티앙 그르니에,6학년,초등학교,,,,
286,책이 있는 나무,비센테 무뇨스 푸에예스,6학년,초등학교,,,,
287,철학이 내게로 왔어요,구드룬 멥스,6학년,초등학교,,,,
288,탄탄동 사거리 만복 전파사,김려령,6학년,초등학교,,,,
289,"페럴 1, 까마귀와 말하는 소년",제이콥 그레이,6학년,초등학교,,,,
290,할머니는 도둑,데이비드 윌리엄스,6학년,초등학교,,,,
291,할아버지에게 훈장을,마이클 모퍼고,6학년,초등학교,,,,
292,혼자 되었을 때 보이는 것,남찬숙,6학년,초등학교,,,,
293,훈민정음 해례본,이기범,6학년,초등학교,,,,
294,힘의 백과사전,오이 기쿠오 외,6학년,초등학교,,,,
295,거만한 눈사람,세예드 알리 쇼자에,1학년,초등학교,,,,
296,거실 캠핑,어린이 통합교과 연구회,1학년,초등학교,,,,
297,꿈꾸는 소금통,도미니크 미하엘 사르토르,1학년,초등학교,,,,
298,난 방귀벌레 난 좀벌레,유희윤,1학년,초등학교,,,,
299,마음의 여유를 선물하는 행복버스,잔니 로다리,1학년,초등학교,,,,
300,미어캣의 스카프,임경섭,1학년,초등학교,,,,
301,사고뭉치 찾아요,어린이 통합교과 연구회,1학년,초등학교,,,,
302,소원 들어주는 호랑이바위,한미호,1학년,초등학교,,,,
303,수학을 사랑한 아이,데보라 하일리그먼,1학년,초등학교,,,,
304,애너벨과 신기한 털실,맥 바넷,1학년,초등학교,,,,
305,엄마가 화났다,최숙희,1학년,초등학교,,,,
306,오싹오싹 당근,애런 레이놀즈,1학년,초등학교,,,,
307,옥토끼의 소원,어린이 통합교과 연구회,1학년,초등학교,,,,
308,짜장 줄넘기,곽미영,1학년,초등학교,,,,
309,타보의 수수께끼 편지,윤희정,1학년,초등학교,,,,
310,동물이랑 식물이 같다고요,노정임,1학년,초등학교,,,,
311,땅속에도 풀숲에도 곤충은 어디에나 있어,마츠오카 다츠히데,1학년,초등학교,,,,
312,세밀화로 보는 왕잠자리 한살이,길벗어린이,1학년,초등학교,,,,
313,명절은 어떤 날일까요,양태석,1학년,초등학교,,,,
314,(세계문화유산) 우리 풍어제,김상수,1학년,초등학교,,,,
315,콩(콩의 한살이로 들여다본 콩밭 생태계),이경희,1학년,초등학교,,,,
316,아빠가 들려주는 숭례문 이야기,이용재,1학년,초등학교,,,,
317,오늘은 5월 18일,서진선,1학년,초등학교,,,,
318,마술피리,에마누엘레 루차티,1학년,초등학교,,,,
319,빛을 사랑한 고흐아저씨,아나 오비올스,1학년,초등학교,,,,
320,생쥐를 찾아라,스테판 밀르루,1학년,초등학교,,,,
321,세상이 반한 미소 모나리자,박수현,1학년,초등학교,,,,
322,여울이의 미술관 나들이,백미숙,1학년,초등학교,,,,
323,달려라 꼬마 보발꾼,오진원,1학년,초등학교,,,,
324,으랏차차 들돌 들어라,신정민,1학년,초등학교,,,,
325,초희가 썼어,최영희,1학년,초등학교,,,,
326,"로드킬, 우리 길이 없어졌어요",김재홍,1학년,초등학교,,,,
327,물총새를 사랑한 소년,걸음동무,1학년,초등학교,,,,
328,우주 쓰레기,고나영,1학년,초등학교,,,,
329,"하늘다람쥐, 집 걱정은 하지 마",녹색연합,1학년,초등학교,,,,
330,두둥실 선생님의 우주여행,마우리 쿠나스,2학년,초등학교,,,,
331,안녕 여긴 천문대야,이지유,2학년,초등학교,,,,
332,큰달 작은달 달력의 비밀,이케가미 준이치,2학년,초등학교,,,,
333,나는 사실대로 말했을 뿐이야,패트리샤 맥키삭,2학년,초등학교,,,,
334,내 이름이 담긴 병,최양숙,2학년,초등학교,,,,
335,밀림을 지켜라,카르멘 바스케스,2학년,초등학교,,,,
336,바다를 건너간 낙타,고희선,2학년,초등학교,,,,
337,우리 집에 놀러 오세요,오진희 외,2학년,초등학교,,,,
338,지리산 그림여행,오치근 외,2학년,초등학교,,,,
339,희망 심으러 가요,에스코페카 티티넨,2학년,초등학교,,,,
340,6월 1일 절교의 날,김리리,2학년,초등학교,,,,
341,"괜찮아, 우린 친구잖아",시미즈 치에,2학년,초등학교,,,,
342,나도 이제 친구가 생겼어요,이재민,2학년,초등학교,,,,
343,다락방 명탐정. 1,성완,2학년,초등학교,,,,
344,다시 찾은 친구,카트리네 마리에 굴다게르,2학년,초등학교,,,,
345,똥방귀마을,미하엘 조바,2학년,초등학교,,,,
346,무엇이든 선물은행,김영아,2학년,초등학교,,,,
347,민재가 뿔났다,이미지,2학년,초등학교,,,,
348,싫다고 말해도 괜찮아,코르넬리아 프란츠,2학년,초등학교,,,,
349,이사벨의 방,사라 스튜어트,2학년,초등학교,,,,
350,칭찬 초대장,문인화,2학년,초등학교,,,,
351,"너, 강화도에 있니",이상교,2학년,초등학교,,,,
352,열려라 남대문학교,문영미,2학년,초등학교,,,,
353,할머니가 물려주신 요리책,김익선,2학년,초등학교,,,,
354,숫자의 발명,안나 체라솔리,2학년,초등학교,,,,
355,지지고 볶고,박남일,2학년,초등학교,,,,
356,짜장면,임선아,2학년,초등학교,,,,
357,편지따라 역사여행(조선에서 파리까지),조현범,2학년,초등학교,,,,
358,"첼로, 노래하는 나무",이세 히데코,2학년,초등학교,,,,
359,"검은 비너스, 조세핀 베이커",패트리샤 흐루비 파월,2학년,초등학교,,,,
360,무대는 언제나 두근두근,소윤경,2학년,초등학교,,,,
361,책 만드는 이야기 들어볼래,곰곰,2학년,초등학교,,,,
362,나무야 새야 함께 살자,강문정,2학년,초등학교,,,,
363,환경지킴이,장지혜,2학년,초등학교,,,,
364,"탁한 공기, 이제 그만",이욱재,2학년,초등학교,,,,
365,(너도 나도 똑같이) 생명 존중,인현진,3학년,초등학교,,,,
366,태양광 섬 연대도의 비밀,천세웅,3학년,초등학교,,,,
367,화석과 지층,황근기,3학년,초등학교,,,,
368,높은 곳으로 달려,사시다 가즈,3학년,초등학교,,,,
369,소피 스코트 남극에 가다,앨리슨 레스터,3학년,초등학교,,,,
370,공룡상상,김남길,3학년,초등학교,,,,
371,동물이야? 식물이야?,김지현,3학년,초등학교,,,,
372,신현림의 옛 그림과 뛰노는 동시 놀이터,신현림,3학년,초등학교,,,,
373,강은 어떻게 흘러가나,김연희,3학년,초등학교,,,,
374,그림자 도둑,임제다,3학년,초등학교,,,,
375,꼼지락 공주와 빗자루 선생님,송언,3학년,초등학교,,,,
376,딱 하나만 더 읽고,조이 카울리,3학년,초등학교,,,,
377,마법 상자 속으로 얍,황규섭,3학년,초등학교,,,,
378,모나리자 도난사건,존 패트릭 루이스,3학년,초등학교,,,,
379,집으로,마이클 모퍼고,3학년,초등학교,,,,
380,하트로 계산해 주세요,박현진,3학년,초등학교,,,,
381,규칙이 왜 필요할까요,서지원,3학년,초등학교,,,,
382,나의 도서관은 낙타 등에 있어,마그리트 루어스,3학년,초등학교,,,,
383,너구리 판사 퐁퐁이,신지영 외,3학년,초등학교,,,,
384,왜 사이 좋게 지내야 해,김민화,3학년,초등학교,,,,
385,조선통신사 여행길,이기범,3학년,초등학교,,,,
386,태극기 다는 날,김용란,3학년,초등학교,,,,
387,한양도성,나각순,3학년,초등학교,,,,
388,궁금쟁이 김선비 옛 그림에 쏙 빠졌네,박승주,3학년,초등학교,,,,
389,나는야 꼬마 디자이너,김지영,3학년,초등학교,,,,
390,피카소가 모나리자를 그린다면,표트르 바르소니,3학년,초등학교,,,,
391,과학자 전재규 남극의 별이 되다,전신애,3학년,초등학교,,,,
392,박선욱 선생님이 들려주는 김득신,박선욱,3학년,초등학교,,,,
393,방정환의 잡지,박은오,3학년,초등학교,,,,
394,"어떡하지, 난 꿈이 없는데",원재길,3학년,초등학교,,,,
395,왜 맛있는 건 다 나쁠까,오세연,3학년,초등학교,,,,
396,우리 땅의 생명이 들려주는 이야기,마술연필,3학년,초등학교,,,,
397,콩 농사짓는 마을에 가 볼래요,노정임,3학년,초등학교,,,,
398,호시노 미치오의 알래스카 이야기,호시노 미치오,3학년,초등학교,,,,
399,놀면서 배우는 사계절 자연 빙고,환경과생명을지키는,4학년,초등학교,,,,
400,,전국교사모임,,초등학교,,,,
401,세상의 비밀을 밝히는 365일 탐구 생활,리자 리너만,4학년,초등학교,,,,
402,하늘은 왜 파랗죠,이영란,4학년,초등학교,,,,
403,곤충들의 편지,올가 쿠비키나,4학년,초등학교,,,,
404,엄마아빠가 읽어주는 당시,유병례,4학년,초등학교,,,,
405,나와 조금 다를 뿐이야,이금이,4학년,초등학교,,,,
406,바보같은 내 심장,자비에 로랑 쁘띠,4학년,초등학교,,,,
407,아이코 살았네,이주영,4학년,초등학교,,,,
408,우리 가족을 도운 도둑,박향희,4학년,초등학교,,,,
409,우리도 친구가 될 수 있어,다니엘 스테판스키,4학년,초등학교,,,,
410,짝 바꾸는 날,이일숙,4학년,초등학교,,,,
411,첼리스트 코오슈,미야자와 겐지,4학년,초등학교,,,,
412,태극기 이야기,신현배,4학년,초등학교,,,,
413,빛깔 고운 우리 옷 이야기,강난숙,4학년,초등학교,,,,
414,어린이를 위한 한국의 김치 이야기,이영란,4학년,초등학교,,,,
415,지구는 둥그니까 우리는 친구,조제핀 플레 외,4학년,초등학교,,,,
416,서로 돕고 살아요 공동체,이창숙,4학년,초등학교,,,,
417,"열 살에 배운 법, 백 살 간다",이정화,4학년,초등학교,,,,
418,말과 글에도 주인이 있어요,장보람,4학년,초등학교,,,,
419,궁궐에는 누가 살았을까,김은하,4학년,초등학교,,,,
420,빨간 날이 제일 좋아,김종렬,4학년,초등학교,,,,
421,소녀 이야기,김준기,4학년,초등학교,,,,
422,보이니? 명화 속 숨은 마음,김주영,4학년,초등학교,,,,
423,세계 6대 오페라,나탈리에 폰스,4학년,초등학교,,,,
424,성 평등하다는 것,홍승희,4학년,초등학교,,,,
425,평화롭다는 것,김경선,4학년,초등학교,,,,
426,나는 여성독립운동가입니다,김일옥,4학년,초등학교,,,,
427,사람을 살리는 책 동의보감,신동원,4학년,초등학교,,,,
428,똑똑한 우리 몸,모텐 뭉크빅,4학년,초등학교,,,,
429,자존감은 나의 힘,양선아,4학년,초등학교,,,,
430,꼬마농부의 맛있는 텃밭,DK편집부,4학년,초등학교,,,,
431,나는 습지에서 살아요,김용안,4학년,초등학교,,,,
432,식물들의 비밀,올가 쿠비키나,4학년,초등학교,,,,
433,왜 갯벌이 오염되면 안 되나요,정누리,4학년,초등학교,,,,
434,세계를 바꾸는 착한 기술 이야기,유영선,5학년,초등학교,,,,
435,"소년, 조선의 하늘을 보다",왕은주,5학년,초등학교,,,,
436,알고 보니 내 생활이 다 과학,김해보 외,5학년,초등학교,,,,
437,화학 원소 아파트,이영란,5학년,초등학교,,,,
438,공부가 되는 파브르 곤충기,장 앙리 파브르,5학년,초등학교,,,,
439,사람은 동물일까요,실비 보시에,5학년,초등학교,,,,
440,인간의 오랜 친구 개,김황,5학년,초등학교,,,,
441,똑똑한 시 읽기,장세현,5학년,초등학교,,,,
442,게임왕,선자은,5학년,초등학교,,,,
443,나는 못난이,서정홍,5학년,초등학교,,,,
444,반창고 우정,송아주,5학년,초등학교,,,,
445,비밀,후쿠다 다카히로,5학년,초등학교,,,,
446,생명의 릴레이,가마타 미노루,5학년,초등학교,,,,
447,숭례문에서 사라진 어처구니,안재희,5학년,초등학교,,,,
448,슈퍼 아이돌 오두리,이송현,5학년,초등학교,,,,
449,정의를 위하여,로리 세이전,5학년,초등학교,,,,
450,차별을 뛰어넘은 조선 영웅들,김은빈,5학년,초등학교,,,,
451,행운 토끼와 불행 고양이의 대결,대덤 클라인,5학년,초등학교,,,,
452,"놀면서 배우는 세계축제. 1, 2",유경숙,5학년,초등학교,,,,
453,둥글둥글 지구촌 건축 이야기,김상태,5학년,초등학교,,,,
454,경제의 핏줄 화폐,미래아이,5학년,초등학교,,,,
455,고전을 발칵 뒤집은 어린이 로스쿨,정은숙 외,5학년,초등학교,,,,
456,꼬불꼬불나라의 경제이야기,서해경,5학년,초등학교,,,,
457,경제 팍팍,이미애,5학년,초등학교,,,,
458,도전 한국사 퀴즈왕.1~3,박영규,5학년,초등학교,,,,
459,우리 역사에 뿌리내린 외국인들,정혜원,5학년,초등학교,,,,
460,조상님들은 일기에 무얼 썼을까,이향숙,5학년,초등학교,,,,
461,조선의 선비 정신,황근기,5학년,초등학교,,,,
462,옛이야기 들으러 미술관 갈까,정숙영,5학년,초등학교,,,,
463,"한국음악, 자연을 품은 우리 소리",노유다,5학년,초등학교,,,,
464,우리 모두 틀림 없이 다르다,김현식,5학년,초등학교,,,,
465,우리 몸은 작은 우주야,조대연,5학년,초등학교,,,,
466,나는 커서 뭐가 될까,왕시원,5학년,초등학교,,,,
467,꿈은 이루어질까요,브리지트 라베 외,5학년,초등학교,,,,
468,정신은 어디에 있나요,브리지트 라베 외,5학년,초등학교,,,,
469,바다 박사가 될래요,강대훈,6학년,초등학교,,,,
470,독에 관한 50가지 궁금증,타냐 로이드 카이,6학년,초등학교,,,,
471,벌레 한 마리 드실래요,피터 멘젤 외,6학년,초등학교,,,,
472,"강아지 플렉, 운명의 남자아이를 만나다",에바 이봇슨,6학년,초등학교,,,,
473,"걱정 마, 다 잘될 거야",메리 어메이토,6학년,초등학교,,,,
474,구름(양심을 흔들어 깨우는 이야기),구드룬 파우제방,6학년,초등학교,,,,
475,꾀돌이 우리형,존 D. 피츠제럴드,6학년,초등학교,,,,
476,나의 형 허리케인,샐리 그린들리,6학년,초등학교,,,,
477,벌거벗은 임금님의 도서관,가시와바 사치코,6학년,초등학교,,,,
478,빙하 표류기,시어도어 테일러,6학년,초등학교,,,,
479,열대의 비밀,마가리타 엥글,6학년,초등학교,,,,
480,열두째 나라,김혜진,6학년,초등학교,,,,
481,찰리 채플린,임창호,6학년,초등학교,,,,
482,카르메시나,실비아 곤잘레스 기라도,6학년,초등학교,,,,
483,해피 버스데이,아오키 가즈오,6학년,초등학교,,,,
484,더불어 사는 행복한 문화,남궁진,6학년,초등학교,,,,
485,함께 사는 다문화 왜 중요할까요?,홍명진,6학년,초등학교,,,,
486,그래서 이런 경제가 생겼대요,우리누리,6학년,초등학교,,,,
487,똑똑한 지리책. 1~2,김진수,6학년,초등학교,,,,
488,양극화 논쟁,최영민,6학년,초등학교,,,,
489,왜 우리는 친구일까,박성철,6학년,초등학교,,,,
490,외교관 아빠가 들려주는 외교 이야기,정기종,6학년,초등학교,,,,
491,교실 밖 엉뚱 별난 세계사,신현배,6학년,초등학교,,,,
492,어린이 인문학 여행. 1,노경실,6학년,초등학교,,,,
493,씨앗,서경석,6학년,초등학교,,,,
494,그래서 이런 명화가 생겼대요,우리누리,6학년,초등학교,,,,
495,그림 속에서 만난 화가들,박수진,6학년,초등학교,,,,
496,"옛이야기 들썩, 우리 음악 얼쑤",이효분,6학년,초등학교,,,,
497,조선 시대 초상화에 숨은 비밀 찾기,최석조,6학년,초등학교,,,,
498,(엉뚱화가 달리와 떠나는)황당한 미술사 여행,"이경현, 은하수",6학년,초등학교,,,,
499,(이해욱 할아버지의)지구별 여행기,이해욱,6학년,초등학교,,,,
500,더불어 사는 행복한 법,서해경,6학년,초등학교,,,,
501,"미래, 꿈꾸는 만큼 열린다. 1~2",마리 엘렌 드 슈리제,6학년,초등학교,,,,
502,(생각하는 어린이가)힘이 세다,마릴린 번스,6학년,초등학교,,,,
503,왜 그렇게 생각해,강창훈,6학년,초등학교,,,,
504,강아지 복실이,한미호,1학년,초등학교,,,,
505,구름놀이,한태희,1학년,초등학교,,,,
506,"꼬마요리사의 앗, 뜨거워! 과자교실",김용란,1학년,초등학교,,,,
507,"나, 오늘 일기 뭐 써!",정설아,1학년,초등학교,,,,
508,나는 아빠가 좋아요,넬레 무스트,1학년,초등학교,,,,
509,나는 자라요,김희경,1학년,초등학교,,,,
510,난 네가 부러워,영민,1학년,초등학교,,,,
511,내 친구의 다리를 돌려줘,강경수,1학년,초등학교,,,,
512,내가 만난 나뭇잎 하나,윤여림,1학년,초등학교,,,,
513,내가 처음 쓴 일기,대구금포초1학년2반,1학년,초등학교,,,,
514,누구지?,이범재,1학년,초등학교,,,,
515,도서관에 간 사자,미셸 누드슨,1학년,초등학교,,,,
516,또박또박 말해요,줄리아 도널드슨,1학년,초등학교,,,,
517,또박또박 반갑게 인사해요,안미연,1학년,초등학교,,,,
518,모두 모두 안녕!,윤여림,1학년,초등학교,,,,
519,민들레는 민들레,김장성,1학년,초등학교,,,,
520,발가락,이보나 흐미엘레프스카,1학년,초등학교,,,,
521,별을 삼킨 괴물,민트래빗 플래닝,1학년,초등학교,,,,
522,빙빙 돌아라,이상희,1학년,초등학교,,,,
523,생각하는 사과나무,남미영,1학년,초등학교,,,,
524,수박 수영장,안녕달,1학년,초등학교,,,,
525,숲 속 재봉사,최향랑,1학년,초등학교,,,,
526,슈퍼 거북,유설화,1학년,초등학교,,,,
527,아빠가 아플 때,한라경,1학년,초등학교,,,,
528,왜 띄어 써야 돼?,박규빈,1학년,초등학교,,,,
529,이가 아파서 치과에 가요,한규호,1학년,초등학교,,,,
530,이제 우리가 꿈꿀 시간,티머시 냅맨,1학년,초등학교,,,,
531,책 읽는 강아지 몽몽,최은옥,1학년,초등학교,,,,
532,찾았다!,문승연,1학년,초등학교,,,,
533,1학년 동시교실,김종상,1학년,초등학교,,,,
534,1학년 전래동화,마술연필,1학년,초등학교,,,,
535,가을 운동회,임광희,1학년,초등학교,,,,
536,가을을 파는 마법사,이종은,1학년,초등학교,,,,
537,가족은 꼬옥 안아 주는 거야,박윤경,1학년,초등학교,,,,
538,붉은 여우 아저씨,송정화,1학년,초등학교,,,,
539,까르르 깔깔,이상교,1학년,초등학교,,,,
540,꼬리 이모 나랑 놀자,박효미,1학년,초등학교,,,,
541,난 책이 좋아요,앤서니 브라운,1학년,초등학교,,,,
542,내가 좋아하는 곡식,이성실,1학년,초등학교,,,,
543,눈사람 아저씨,레이먼드 브리그스,1학년,초등학교,,,,
544,도서관에서 처음 책을 빌렸어요,알렉산더 스테들러,1학년,초등학교,,,,
545,도토리 삼형제의 안녕하세요,이현주,1학년,초등학교,,,,
546,뒷집 준범이,이혜란,1학년,초등학교,,,,
547,딴 생각하지 말고 귀 기울여 들어요,서보현,1학년,초등학교,,,,
548,초코파이 자전거,신현림,1학년,초등학교,,,,
549,봄 숲 봄바람 소리,우종영,1학년,초등학교,,,,
550,봄은 어디쯤 오고 있을까,어린이 통합교과 연구회,1학년,초등학교,,,,
551,소금을 만드는 맷돌,권규헌,1학년,초등학교,,,,
552,솔이의 추석 이야기,이억배,1학년,초등학교,,,,
553,숲속의 모자,유우정,1학년,초등학교,,,,
554,신통방통 한복,박현숙,1학년,초등학교,,,,
555,엄마 내가 할래요,장선희,1학년,초등학교,,,,
556,"역사를 바꾼 위대한 알갱이, 씨앗",서경석,1학년,초등학교,,,,
557,우리 순이 어디 가니,윤구병,1학년,초등학교,,,,
558,우리 아빠가 최고야,앤서니 브라운,1학년,초등학교,,,,
559,우리 엄마,앤서니 브라운,1학년,초등학교,,,,
560,이솝이야기,이솝,1학년,초등학교,,,,
561,이슬이의 첫 심부름,쓰쓰이 요리코,1학년,초등학교,,,,
562,자전거 타고 로켓 타고,카트린 르블랑,1학년,초등학교,,,,
563,책이 꼼지락 꼼지락,김성범,1학년,초등학교,,,,
564,콩 한 알과 송아지,한해숙,1학년,초등학교,,,,
565,쿠키 한입의 인생수업,에이미 크루즈 로젠탈,1학년,초등학교,,,,
566,하늘 높이 태극기,어린이통합교과연구회,1학년,초등학교,,,,
567,학교 가기 조마조마,어린이통합교과연구회,1학년,초등학교,,,,
568,감기 걸린 날,김동수,2학년,초등학교,,,,
569,개구리와 두꺼비가 함께,아놀드 로벨,2학년,초등학교,,,,
570,개와 고양이,임정진,2학년,초등학교,,,,
571,"고맙습니다, 선생님",패트리샤 폴라코,2학년,초등학교,,,,
572,괴물들이 사는 나라,모리스 샌닥,2학년,초등학교,,,,
573,기분을 말해봐요,디디에 레비,2학년,초등학교,,,,
574,까막눈 삼디기,원유순,2학년,초등학교,,,,
575,까만 아기 양,엘리자베스 쇼,2학년,초등학교,,,,
576,까치와 소담이의 수수께끼 놀이,김성은,2학년,초등학교,,,,
577,꿈꾸는 윌리,앤서니 브라운,2학년,초등학교,,,,
578,내 꿈은 방울토마토 엄마,허윤,2학년,초등학교,,,,
579,내 친구들을 소개할게,엘레나 아그넬로,2학년,초등학교,,,,
580,내가 도와줄게,테드 오닐,2학년,초등학교,,,,
581,누가 숲을 사라지게 했을까,임선아,2학년,초등학교,,,,
582,불가사리를 기억해,유영소,2학년,초등학교,,,,
583,"선생님, 바보의사 선생님",이상희,2학년,초등학교,,,,
584,신기한 독,홍영우,2학년,초등학교,,,,
585,신발 신은 강아지,고상미,2학년,초등학교,,,,
586,아주 무서운 날,탕무니우,2학년,초등학교,,,,
587,오늘 내 기분은…,메리앤 코카 레플러,2학년,초등학교,,,,
588,오리 할머니와 말하는 알,이영득,2학년,초등학교,,,,
589,오리가 한 마리 있었어요,정유정,2학년,초등학교,,,,
590,"으악, 도깨비다!",손정원,2학년,초등학교,,,,
591,이야기 주머니 이야기,이억배,2학년,초등학교,,,,
592,작은 집 이야기,버지니아 리 버튼,2학년,초등학교,,,,
593,좋은 말로 할 수 있잖아,김은중,2학년,초등학교,,,,
594,준치가시,백석,2학년,초등학교,,,,
595,책 빌리러 왔어요,오진원,2학년,초등학교,,,,
596,초등학생을 위한 욕심쟁이 딸기 아저씨,김유경,2학년,초등학교,,,,
597,치과 의사 드소토 선생님,윌리엄 스타이그,2학년,초등학교,,,,
598,훨훨 간다,권정생,2학년,초등학교,,,,
599,가을 열매는 맛있어,이정주,2학년,초등학교,,,,
600,가을은 풍성해,박현숙,2학년,초등학교,,,,
601,강아지 똥,권정생,2학년,초등학교,,,,
602,긴긴 겨울잠에 폭 빠진 동물들,미셸 프란체스코니,2학년,초등학교,,,,
603,꿈을 꼭 가져야 하나요?,어린이철학교육연구소,2학년,초등학교,,,,
604,나는 나의 주인,채인선,2학년,초등학교,,,,
605,나무들이 재잘거리는 숲 이야기,김남길,2학년,초등학교,,,,
606,너는 특별하단다,맥스 루케이도,2학년,초등학교,,,,
607,누가 고양이를 데려갔나,어린이통합교과연구회,2학년,초등학교,,,,
608,돼지책,앤서니 브라운,2학년,초등학교,,,,
609,만희네 집,권윤덕,2학년,초등학교,,,,
610,봄은 어디쯤 오고 있을까,어린이통합교과연구회,2학년,초등학교,,,,
611,봄이의 동네 관찰 일기,박재철,2학년,초등학교,,,,
612,새들은 시험 안봐서 좋겠구나,한국글쓰기교육연구회,2학년,초등학교,,,,
613,세계와 만나는 그림책,무라카 히로코,2학년,초등학교,,,,
614,손 큰 할머니의 만두 만들기,채인선,2학년,초등학교,,,,
615,쇠를 먹는 불가사리,정하섭,2학년,초등학교,,,,
616,신발속에 사는 악어,위기철,2학년,초등학교,,,,
617,아빠 얼굴이 더 빨갛다,김시민,2학년,초등학교,,,,
618,아홉 살 마음 사전,박성우,2학년,초등학교,,,,
619,언제나 칭찬,류호선,2학년,초등학교,,,,
620,우리 동네 한 바퀴,정지윤,2학년,초등학교,,,,
621,우리 친구 하자,앤서니 브라운,2학년,초등학교,,,,
622,원숭이 오누이,채인선,2학년,초등학교,,,,
623,이웃집에는 어떤 가족이 살까?,유다정,2학년,초등학교,,,,
624,일하는 우리 엄마 아빠 이야기,백남호,2학년,초등학교,,,,
625,종이 봉지 공주,로버트 먼치,2학년,초등학교,,,,
626,칭찬 먹으러 가요,고대영,2학년,초등학교,,,,
627,콩이네 옆집이 수상하다,천효정,2학년,초등학교,,,,
628,크록텔레 가족,파트리샤 베르비,2학년,초등학교,,,,
629,팥죽 할머니와 호랑이,조대인,2학년,초등학교,,,,
630,한이네 동네 이야기,강전희,2학년,초등학교,,,,
631,호주머니 속 알사탕,이송현,2학년,초등학교,,,,
632,강아지똥,권정생,3학년,초등학교,,,,
633,개구쟁이 수달은 무얼 하며 놀까요?,왕입분,3학년,초등학교,,,,
634,겁보 만보,김유,3학년,초등학교,,,,
635,곱구나! 우리 장신구,박세경,3학년,초등학교,,,,
636,귀신보다 더 무서워,허은순,3학년,초등학교,,,,
637,단물 고개,소중애,3학년,초등학교,,,,
638,리디아의 정원,사라 스튜어트,3학년,초등학교,,,,
639,마음을 배달해 드립니다,박현숙,3학년,초등학교,,,,
640,만복이네 떡집,김리리,3학년,초등학교,,,,
641,명절 속에 숨은 우리 과학,오주영,3학년,초등학교,,,,
642,바삭바삭 갈매기,전민걸,3학년,초등학교,,,,
643,바위나리와 아기별,마해송,3학년,초등학교,,,,
644,별주부전,김해원,3학년,초등학교,,,,
645,비밀의 문,에런 베커,3학년,초등학교,,,,
646,뿡뿡 방귀병에 걸렸어요,유시나,3학년,초등학교,,,,
647,새들은 왜 깃털이 있을까?,멜리사 스튜어트,3학년,초등학교,,,,
648,샘마을 몽당깨비,황선미,3학년,초등학교,,,,
649,소똥 밟은 호랑이,박민호,3학년,초등학교,,,,
650,시골 할머니 집의 맷돌과 디딜방아,김용희,3학년,초등학교,,,,
651,"아드님, 진지 드세요",강민경,3학년,초등학교,,,,
652,"아무도 모를거야, 내가 누군지",김향금,3학년,초등학교,,,,
653,아씨방 일곱동무,이영경,3학년,초등학교,,,,
654,으뜸 헤엄이,레오 리오니,3학년,초등학교,,,,
655,"으악, 도깨비다!",손정원,3학년,초등학교,,,,
656,친구랑 싸웠어!,시바타 아이코,3학년,초등학교,,,,
657,프린들 주세요,앤드류 클레먼츠,3학년,초등학교,,,,
658,플랑크톤의 비밀,김종문,3학년,초등학교,,,,
659,해님이 누고 간 똥,정세기,3학년,초등학교,,,,
660,행복한 비밀 하나,박성배,3학년,초등학교,,,,
661,호랑이와 곶감,위기철,3학년,초등학교,,,,
662,효녀 심청,오세발,3학년,초등학교,,,,
663,가족은 나의 힘,고정욱,3학년,초등학교,,,,
664,공부가 되는 가치 사전,글공작소,3학년,초등학교,,,,
665,김대성 - 불국사와 석불사를 짓다,우리역사연구회,3학년,초등학교,,,,
666,꽃 발걸음 소리,오순택,3학년,초등학교,,,,
667,나무를 심은 사람,장 지오노,3학년,초등학교,,,,
668,너도 나도 똑같이 생명 존중,인현진,3학년,초등학교,,,,
669,너라면 가만있겠니?,우남희,3학년,초등학교,,,,
670,도토리 신랑,서정오,3학년,초등학교,,,,
671,바다로 돌아간 제돌이,핫핑크돌핀스,3학년,초등학교,,,,
672,삐뽀삐뽀 눈물이 달려온다,김륭,3학년,초등학교,,,,
673,생명의 역사,버지니아 리 버튼,3학년,초등학교,,,,
674,생명이 들려준 이야기,위기철,3학년,초등학교,,,,
675,(서로 돕고 살아요) 공동체,이창숙,3학년,초등학교,,,,
676,세상의 모든 가족,알렉산드라 막사이너,3학년,초등학교,,,,
677,식물이 좋아지는 식물책,김진옥,3학년,초등학교,,,,
678,아름다운 가치 사전,채인선,3학년,초등학교,,,,
679,아빠와 함께 걷는 생태길,남상욱,3학년,초등학교,,,,
680,알고 보면 더 재미있는 곤충 이야기,함윤미,3학년,초등학교,,,,
681,왜 내가 치워야 돼,정하영,3학년,초등학교,,,,
682,우리 집에 배추흰나비가 살아요,최덕규,3학년,초등학교,,,,
683,위인들의 절친노트,이광웅,3학년,초등학교,,,,
684,의좋은 형제,이현주,3학년,초등학교,,,,
685,이웃집에는 어떤 가족이 살까?,유다정,3학년,초등학교,,,,
686,짜장 짬뽕 탕수육,김영주,3학년,초등학교,,,,
687,축구부에 들고 싶다,성명진,3학년,초등학교,,,,
688,친구를 모두 잃어버리는 방법,낸시 칼슨,3학년,초등학교,,,,
689,하루와 미요,임정자,3학년,초등학교,,,,
690,한눈에 반한 우리 미술관,장세현,3학년,초등학교,,,,
691,할아버지의 코트,짐 아일스워스,3학년,초등학교,,,,
692,화요일의 두꺼비,러셀 에릭슨,3학년,초등학교,,,,
693,가끔씩 비오는 날,이가을,4학년,초등학교,,,,
694,가방 들어주는 아이,고정욱,4학년,초등학교,,,,
695,경주 최 부잣집 이야기,심현정,4학년,초등학교,,,,
696,나는 3학년 2반 7번 애벌레,김원아,4학년,초등학교,,,,
697,나비를 잡는 아버지,현덕,4학년,초등학교,,,,
698,나의 엉뚱한 머리카락 연구,이고은,4학년,초등학교,,,,
699,난지도가 살아났어요,이명희,4학년,초등학교,,,,
700,마음씨네 탈무드 학교 1교시 배려,이형진,4학년,초등학교,,,,
701,마음의 온도는 몇 도일까요?,정여민,4학년,초등학교,,,,
702,멀쩡한 이유정,유은실,4학년,초등학교,,,,
703,"멋져 부러, 세발자전거!",김남중,4학년,초등학교,,,,
704,바가지꽃,정하섭,4학년,초등학교,,,,
705,바보 이반의 이야기,이종진,4학년,초등학교,,,,
706,별을 사랑하는 아이들아,윤동주,4학년,초등학교,,,,
707,생태 환경 이야기,한영식,4학년,초등학교,,,,
708,세종대왕,김선희,4학년,초등학교,,,,
709,신기한 그림족자,이영경,4학년,초등학교,,,,
710,신사임당 아줌마네 고물상,박현숙,4학년,초등학교,,,,
711,아기 늑대 세 마리와 못된 돼지,유진 트리비자스,4학년,초등학교,,,,
712,아름다운 꼴찌,이철환,4학년,초등학교,,,,
713,어린이를 위한 좋은 습관,한창욱,4학년,초등학교,,,,
714,우리 가족입니다,이혜란,4학년,초등학교,,,,
715,우리 독도에서 온 편지,윤문영,4학년,초등학교,,,,
716,우리 반 욕 킬러,임지형,4학년,초등학교,,,,
717,조선 화원의 하루,조정육,4학년,초등학교,,,,
718,주시경,이은정,4학년,초등학교,,,,
719,쩌우 까우 이야기,김기태,4학년,초등학교,,,,
720,초록 고양이,위기철,4학년,초등학교,,,,
721,초정리 편지,배유안,4학년,초등학교,,,,
722,콩 한 쪽도 나누어요,고수산나,4학년,초등학교,,,,
723,학교 예절 대장 나가신다,박현숙,4학년,초등학교,,,,
724,흥부전,김해등,4학년,초등학교,,,,
725,100살 동시 내 친구,한국동시문학회,4학년,초등학교,,,,
726,가을이네 장 담그기,이규희,4학년,초등학교,,,,
727,"경제의 핏줄, 화폐",김성호,4학년,초등학교,,,,
728,고래를 그리는 아이,윤수천,4학년,초등학교,,,,
729,공정하다는 것,홍승희,4학년,초등학교,,,,
730,괴물예절 배우기,조애너 콜,4학년,초등학교,,,,
731,구름공항,데이비드 위즈너,4학년,초등학교,,,,
732,깃털 없는 기러기 보르카,존 버닝햄,4학년,초등학교,,,,
733,까매서 안 더워?,박채란,4학년,초등학교,,,,
734,나 좀 내버려 둬!,박현진,4학년,초등학교,,,,
735,나와 조금 다를 뿐이야,이금이,4학년,초등학교,,,,
736,내 맘처럼,최종득,4학년,초등학교,,,,
737,놀면서 배우는 세계 축제 1,유경숙,4학년,초등학교,,,,
738,레옹과 예절 이야기,아니 그루비,4학년,초등학교,,,,
739,무지개 도시를 만드는 초록 슈퍼맨,김영숙,4학년,초등학교,,,,
740,배추흰나비 알 100개는 어디로 갔을까?,권혁도,4학년,초등학교,,,,
741,사과의 길,김철순,4학년,초등학교,,,,
742,"사라, 버스를 타다",윌리엄 밀러,4학년,초등학교,,,,
743,"생명, 알면 사랑하게 되지요",최재천,4학년,초등학교,,,,
744,"세빈아, 오늘은 어떤 법을 만났니?",신주영,4학년,초등학교,,,,
745,소피의 달빛 담요,에일린 스피넬리,4학년,초등학교,,,,
746,아하! 세계엔 이런 나라가 있군요,지호진,4학년,초등학교,,,,
747,알고 보니 내 생활이 다 과학!,김해보,4학년,초등학교,,,,
748,인성마법사 클린베어,김병수,4학년,초등학교,,,,
749,자유가 뭐예요?,오스카 브르니피에,4학년,초등학교,,,,
750,잘못 뽑은 반장,이은재,4학년,초등학교,,,,
751,전교 네 명 머시기가 간다,김해등,4학년,초등학교,,,,
752,지구가 100명의 마을이라면,데이빗 J. 스미스,4학년,초등학교,,,,
753,지붕이 들려주는 건축 이야기,남궁담,4학년,초등학교,,,,
754,지우개 따먹기 법칙,유순희,4학년,초등학교,,,,
755,짧은 동화 긴 생각,이규경,4학년,초등학교,,,,
756,함께 사는 다문화 왜 중요할까요?,홍명진,4학년,초등학교,,,,
757,함께 할수록 커지는 마음 협동심,김유리,4학년,초등학교,,,,
758,후루룩 셰프의 예절 레시피,강정화,4학년,초등학교,,,,
759,갈매기에게 나는 법을 가르쳐 준 고양이,루이스 세풀베다,5학년,초등학교,,,,
760,금단현상,이금이,5학년,초등학교,,,,
761,"꼴찌, 세계 최고의 신경외과 의사가 되다",그레스 루이스,5학년,초등학교,,,,
762,꿈을 나르는 책 아주머니,헤더 헨슨,5학년,초등학교,,,,
763,날 좀 내버려 둬,양인자,5학년,초등학교,,,,
764,니 꿈은 뭐이가?,박은정,5학년,초등학교,,,,
765,도서관 길고양이,김현욱,5학년,초등학교,,,,
766,마당을 나온 암탉,황선미,5학년,초등학교,,,,
767,마지막 왕자,강숙인,5학년,초등학교,,,,
768,무기 팔지 마세요,위기철,5학년,초등학교,,,,
769,뱅뱅이의 노래는 어디로 갔을까,이규희,5학년,초등학교,,,,
770,버럭 아빠와 지구 반바퀴,김혜리,5학년,초등학교,,,,
771,빗방울의 난타 공연,최신영,5학년,초등학교,,,,
772,빨강연필,신수현,5학년,초등학교,,,,
773,"사라, 버스를 타다",윌리엄 밀러,5학년,초등학교,,,,
774,세계를 움직이는 국제기구,박동석,5학년,초등학교,,,,
775,숭례문,서찬석,5학년,초등학교,,,,
776,아들과 함께 걷는 길,이순원,5학년,초등학교,,,,
777,아름다운 부자 이야기,신현배,5학년,초등학교,,,,
778,앗쭈구리 산골에 가다,소중애,5학년,초등학교,,,,
779,양반전 외 : 양반의 위선을 조롱하다,구민애,5학년,초등학교,,,,
780,어린이를 위한 한국의 김치 이야기,이영란,5학년,초등학교,,,,
781,엄마는 파업중,김희숙,5학년,초등학교,,,,
782,연탄길,이철환,5학년,초등학교,,,,
783,예쁘다고 말해 줘,이상교,5학년,초등학교,,,,
784,왜 욕하면 안 되나요?,김태광,5학년,초등학교,,,,
785,일곱 발 열아홉 발,김해우,5학년,초등학교,,,,
786,조선에서 가장 재미난 이야기꾼,김기정,5학년,초등학교,,,,
787,좋아? 나빠? 인터넷과 스마트폰,이향안,5학년,초등학교,,,,
788,책과 노니는 집,이영서,5학년,초등학교,,,,
789,큰 바위 아저씨,김금래,5학년,초등학교,,,,
790,5000년 한국여성 위인전,신현배,5학년,초등학교,,,,
791,그때 나는 열한 살이었다,현길언,5학년,초등학교,,,,
792,그림이 톡 생각이 아하,이주은,5학년,초등학교,,,,
793,길모퉁이 행운돼지,김종렬,5학년,초등학교,,,,
794,나쁜 초콜릿,샐리 그린들리,5학년,초등학교,,,,
795,나와 조금 다를 뿐이야,이금이,5학년,초등학교,,,,
796,너 정말 우리말 아니?,이어령,5학년,초등학교,,,,
797,똥 찾아가세요,권오삼,5학년,초등학교,,,,
798,로빈슨 크루소,다니엘 디포,5학년,초등학교,,,,
799,받은 편지함,남찬숙,5학년,초등학교,,,,
800,별똥별 아줌마가 들려주는 우주 이야기,이지유,5학년,초등학교,,,,
801,별을 사랑하는 아이들아,윤동주,5학년,초등학교,,,,
802,산골 마을 아이들,임길택,5학년,초등학교,,,,
803,샬롯의 거미줄,E.B화이트,5학년,초등학교,,,,
804,아빠와 나의 특별한 비밀,캐런 헤스,5학년,초등학교,,,,
805,아빠의 수첩,양태석,5학년,초등학교,,,,
806,어린이가 처음 배우는 인류의 역사,김성화,5학년,초등학교,,,,
807,어린이를 위한 꿈꾸는 다락방,이지성,5학년,초등학교,,,,
808,어린이를 위한 아름다운 영웅 김영옥,한우성,5학년,초등학교,,,,
809,옛날 사람들은 어떻게 살았을까,조은수,5학년,초등학교,,,,
810,우리가 살아가는데 꼭 필요한 에너지 이야기,프랑소와 미셀,5학년,초등학교,,,,
811,우리들의 일그러진 영웅,이문열,5학년,초등학교,,,,
812,자존심,김남중,5학년,초등학교,,,,
813,지구는 오늘도 바빠요,신현정,5학년,초등학교,,,,
814,지도 없이 떠나는 101일간의 수학의 세계,박영수,5학년,초등학교,,,,
815,차별을 이겨내는 힘 관심,지식채널,5학년,초등학교,,,,
816,퀴리 부인,김영자,5학년,초등학교,,,,
817,헨쇼 선생님께,비벌리 클리어리,5학년,초등학교,,,,
818,가랑비 가랑가랑 가랑파 가랑가랑,정완영,6학년,초등학교,,,,
819,간송 선생님이 다시 찾은 우리 문화유산 이야기,한상남,6학년,초등학교,,,,
820,"그 고래, 번개",류은,6학년,초등학교,,,,
821,나도 저작권이 있어요,김기태,6학년,초등학교,,,,
822,나비를 잡는 아버지,현덕,6학년,초등학교,,,,
823,너도 하늘말나리야,이금이,6학년,초등학교,,,,
824,느낌있는 그림 이야기,이주헌,6학년,초등학교,,,,
825,두 얼굴의 나라 미국 이야기,정범진,6학년,초등학교,,,,
826,둥글둥글 지구촌 인권 이야기,신재일,6학년,초등학교,,,,
827,레 미제라블,빅토르 위고,6학년,초등학교,,,,
828,말 힘 글 힘을 살리는 고사성어,장연,6학년,초등학교,,,,
829,바다 건너 불어온 향기,한아,6학년,초등학교,,,,
830,바리데기 : 야야 내 딸이야 내가 버린 내 딸이야,신동흔,6학년,초등학교,,,,
831,세상을 바꾼 아름다운 용기,박현주,6학년,초등학교,,,,
832,시애틀 추장,수잔 제퍼스,6학년,초등학교,,,,
833,아버지의 편지,정약용,6학년,초등학교,,,,
834,"아빠, 법이 뭐예요?",우리누리,6학년,초등학교,,,,
835,어린이를 위한 다윈의 비글호 항해기,펠리시아 로,6학년,초등학교,,,,
836,어린이를 위한 한국사 장면 77,박영수,6학년,초등학교,,,,
837,어쩌면 저기 저 나무에만 둥지를 틀었을까,이정환,6학년,초등학교,,,,
838,연어,안도현,6학년,초등학교,,,,
839,온양이,선안나,6학년,초등학교,,,,
840,장애를 넘어 인류애에 이른 헬렌 켈러,권태선,6학년,초등학교,,,,
841,전통 속에 살아 숨 쉬는 첨단 과학 이야기,윤용현,6학년,초등학교,,,,
842,행복한 청소부,모니카 페트,6학년,초등학교,,,,
843,최열 아저씨의 지구촌 환경 이야기,최열,6학년,초등학교,,,,
844,크리스마스 캐럴,찰스 디킨스,6학년,초등학교,,,,
845,홍길동전,정종목,6학년,초등학교,,,,
846,10원이 황금알을 낳는 경제이야기,김남길,6학년,초등학교,,,,
847,개가 남긴 한 마디,아지즈 네신,6학년,초등학교,,,,
848,고향을 지키는 아이들,박상규,6학년,초등학교,,,,
849,광고의 비밀,김현주,6학년,초등학교,,,,
850,교양 아줌마,오경임,6학년,초등학교,,,,
851,나는 통일이 좋아요,정혁,6학년,초등학교,,,,
852,나의 라임 오렌지나무,J.M. 바스콘셀로스,6학년,초등학교,,,,
853,내 가슴에 해마가 산다,김려령,6학년,초등학교,,,,
854,내 마음의 동시 6학년,김양순,6학년,초등학교,,,,
855,내가 채송화꽃처럼 조그마했을 때,이준관,6학년,초등학교,,,,
856,대화가 즐거워,김민화,6학년,초등학교,,,,
857,"몸, 그 생명의 신비",최달수,6학년,초등학교,,,,
858,문제아,박기범,6학년,초등학교,,,,
859,백만장자가 된 백설공주,로알드 달,6학년,초등학교,,,,
860,벽이,공진하,6학년,초등학교,,,,
861,보고 싶은 텔레비전 궁금한 방송국,장 엠마누엘 카잘타,6학년,초등학교,,,,
862,보이지 않는 이야기,이섶,6학년,초등학교,,,,
863,산과 달이 만나는 곳,그레이스 린,6학년,초등학교,,,,
864,생각 깨우기,이어령,6학년,초등학교,,,,
865,쉽게 읽는 백범일지,김구,6학년,초등학교,,,,
866,"아빠, 게임할 땐 왜 시간이 빨리가",이남석,6학년,초등학교,,,,
867,어린이 저작권 교실,임채영,6학년,초등학교,,,,
868,역사 논쟁,최영민,6학년,초등학교,,,,
869,자전거 도둑,박완서,6학년,초등학교,,,,
870,정휘창 선생님의 원숭이 꽃신,정휘창,6학년,초등학교,,,,
871,지구촌 곳곳에 너의 손길이 필요해,예영,6학년,초등학교,,,,
872,지도 없이 떠나는 101일간의 한국의 왕,박영수,6학년,초등학교,,,,
873,책만 보는 바보,안소영,6학년,초등학교,,,,
874,한국 대표 동시 100편,박두순,6학년,초등학교,,,,
875,할아버지 요강,임길택,6학년,초등학교,,,,
876,솔이의 추석이야기,이억배,1학년,초등학교,,,,
877,쿠키 한입의 인생수업,에이미 크루즈 로젠탈,1학년,초등학교,,,,
878,아기너구리네 봄맞이,권정생,1학년,초등학교,,,,
879,이웃사촌,클로드부종,1학년,초등학교,,,,
880,요셉의 작고 낡은 오버코트가,심스태벡,1학년,초등학교,,,,
881,"안녕, 태극기",박윤규,1학년,초등학교,,,,
882,머리가 좋아지는 그림책(상상력편),우리누리,1학년,초등학교,,,,
883,왕할머니는 100살,이규희,1학년,초등학교,,,,
884,생각한다는 건 뭘까?,채인선,1학년,초등학교,,,,
885,달님의 모자,다가기 상고,1학년,초등학교,,,,
886,바람의 보물찾기,강현호,1학년,초등학교,,,,
887,황소 아저씨,권정생,1학년,초등학교,,,,
888,책이 꼼지락 꼼지락,김성범,1학년,초등학교,,,,
889,둘이서 둘이서,김복태,1학년,초등학교,,,,
890,두껍아 두껍아,임석재,1학년,초등학교,,,,
891,오리야? 토끼야?,크루즈 로젠탈,1학년,초등학교,,,,
892,엄마 고마워요,정해왕,1학년,초등학교,,,,
893,난 자전거를 탈 수 있어,아스트리드 린드그랜,1학년,초등학교,,,,
894,또박 또박 반갑게 인사해요,안미연,1학년,초등학교,,,,
895,고양이는 나만 따라해,권윤덕,1학년,초등학교,,,,
896,알사탕,백희나,1학년,초등학교,,,,
897,종이 한 장,박정선,1학년,초등학교,,,,
898,영이의 그림일기,황영,1학년,초등학교,,,,
899,감기 걸린날,김동수,1학년,초등학교,,,,
900,내 마음을 보여줄까?,윤진현,1학년,초등학교,,,,
901,먼지깨비,이연실,1학년,초등학교,,,,
902,밥먹을 때 똥 얘기 하지마,허은순,1학년,초등학교,,,,
903,난 뭐든지 할 수 있어,아스트리드 린드그랜,1학년,초등학교,,,,
904,별을 삼킨괴물,민트래빗플래닝,1학년,초등학교,,,,
905,901호 띵똥 아저씨,이욱재,1학년,초등학교,,,,
906,말하면 힘이 세지는 말,미야니시 다츠야,1학년,초등학교,,,,
907,마음의 집,김희경,1학년,초등학교,,,,
908,나무는 숲을 기억해요,로시오 마르티네스,1학년,초등학교,,,,
909,생각을 모으는 사람,모니카 페트,1학년,초등학교,,,,
910,숨쉬는 항아리,정병락,1학년,초등학교,,,,
911,안전을 책임지는 책,채인선,1학년,초등학교,,,,
912,소금을 만드는 맷돌,홍윤희,1학년,초등학교,,,,
913,터널,앤서니 브라운,1학년,초등학교,,,,
914,선인장 호텔,브렌다 기버슨,1학년,초등학교,,,,
915,만희네 집,권윤덕,1학년,초등학교,,,,
916,괴물들이 사는 나라,모리스 샌닥,1학년,초등학교,,,,
917,나무가 된 꼬마 씨앗,크리스티나 발렌티니,1학년,초등학교,,,,
918,나무꾼과 선녀,오정희,1학년,초등학교,,,,
919,도깨비를 빨아버린 우리 엄마,사토 와키코,1학년,초등학교,,,,
920,두고보자 커다란 나무,사노 요코,1학년,초등학교,,,,
921,뜨고 지고!,박남일,1학년,초등학교,,,,
922,가족은 꼬옥 안아 주는 거야,박윤경,1학년,초등학교,,,,
923,개구리와 두꺼비는 친구,아놀드로벨,1학년,초등학교,,,,
924,괴물 예절 배우기,조안나 코울,1학년,초등학교,,,,
925,말놀이 동요집,최승호,1학년,초등학교,,,,
926,무지개 물고기,마르쿠스 피스터,1학년,초등학교,,,,
927,바람이 좋아요,최내경,1학년,초등학교,,,,
928,"빨간 부채, 파란 부채",이상교,1학년,초등학교,,,,
929,왕가리 마타이,프랑크프레보,1학년,초등학교,,,,
930,세상에서 제일 힘센 수탉,이호백,1학년,초등학교,,,,
931,손큰 할머니의 만두 만들기,채인선,1학년,초등학교,,,,
932,수박씨(시),최명란,1학년,초등학교,,,,
933,강아지똥,권정생,1학년,초등학교,,,,
934,어느날 빔보가,마르틴 아우어,1학년,초등학교,,,,
935,열두띠 이야기,정하섭,1학년,초등학교,,,,
936,요렇게 해봐요,김시영,1학년,초등학교,,,,
937,한글 우리말을 담는 그릇,박동화,1학년,초등학교,,,,
938,우리와 함께 살아가는 곤충이야기,한영식,1학년,초등학교,,,,
939,짧은 귀 토끼,다원 시,1학년,초등학교,,,,
940,책먹는 여우,플란체스카비어만,1학년,초등학교,,,,
941,청개구리,이금옥,1학년,초등학교,,,,
942,틀려도 괜찮아,마키타신지,1학년,초등학교,,,,
943,햇빛과 바람이 정겨운 집 우리 한옥,김경화,1학년,초등학교,,,,
944,새들은 왜 깃털이 있을까?,멜리사 스튜어트 글,2학년,초등학교,,,,
945,수학식당 1,김희남 글,2학년,초등학교,,,,
946,수학식당 2,김희남 글,2학년,초등학교,,,,
947,수학식당3,김희남 글,2학년,초등학교,,,,
948,우리마을이 사막으로 변해가요,유다정 글,2학년,초등학교,,,,
949,내 똥은 어디로 갔을까?,마이크 골드스미스,2학년,초등학교,,,,
950,플라스틱 섬,이명애 지음,2학년,초등학교,,,,
951,내 눈이 최고야!,하다카 도시타카,2학년,초등학교,,,,
952,우주 최고 만화가가 되겠어,김홍모 글·그림,2학년,초등학교,,,,
953,마음을 배달 해 드립니다,박현숙,2학년,초등학교,,,,
954,누가 가장 힘셀까?,퍼트리샤 토마,2학년,초등학교,,,,
955,우리 엄마는 외국인,줄리안 무어,2학년,초등학교,,,,
956,멋지다! 얀별 가족,이종은,2학년,초등학교,,,,
957,난 엄마의 로봇,황복실,2학년,초등학교,,,,
958,너는 지금 어디에 있니 - Here I am,패티 김,2학년,초등학교,,,,
959,어치와 참나무,이순원,2학년,초등학교,,,,
960,빨강 머리 토리,채정택,2학년,초등학교,,,,
961,위험한 책,존 라이트,2학년,초등학교,,,,
962,나비박사 석주명의 포충망,김경민,2학년,초등학교,,,,
963,축구왕 차공만,성완,2학년,초등학교,,,,
964,원하는대로 마음껏 상상해봐,노지 크로우,2학년,초등학교,,,,
965,우리에게 희망을 보여 주세요,서지원,2학년,초등학교,,,,
966,마법같은 선물이야,황선미,2학년,초등학교,,,,
967,보름달 뜨는 밤에,키무라 유이치,2학년,초등학교,,,,
968,위험한 여행,토베 얀손,2학년,초등학교,,,,
969,그 다음에 무슨 일이 있었을까요?,토베 얀손,2학년,초등학교,,,,
970,새우눈 가족,박현숙,2학년,초등학교,,,,
971,우리 동네 슈퍼맨,허은실,2학년,초등학교,,,,
972,배운다는 건 뭘까?,채인선,2학년,초등학교,,,,
973,돼지도 누릴 권리가 있어,백은영,2학년,초등학교,,,,
974,부엉이 곳간에 우리말 잔치 열렸네,이미애,2학년,초등학교,,,,
975,아낌없이 주는 나무,셸 실버스타인,2학년,초등학교,,,,
976,아홉 살 마음사전,박성우,2학년,초등학교,,,,
977,내가 조금 불편하면 세상은 초록이 돼요,김소희,2학년,초등학교,,,,
978,아빠가 들려주는 숭례문 이야기,이용재,2학년,초등학교,,,,
979,세상을 바꾼 아이,앤디 앤드루스,2학년,초등학교,,,,
980,쓰레기에서 레를 빼면 쓰기,신형경,2학년,초등학교,,,,
981,신사임당의 쟁반,최은영,2학년,초등학교,,,,
982,주먹이랑 주먹이,이소 미유키,2학년,초등학교,,,,
983,가족의 가족을 뭐라고 부르지?,채인선,2학년,초등학교,,,,
984,2학년이 만나는 과학,강용숙,2학년,초등학교,,,,
985,7년 동안의 잠,박완서,2학년,초등학교,,,,
986,개구리네 한솥밥,백석,2학년,초등학교,,,,
987,고래는 왜 바다로 갔을까,과학아이,2학년,초등학교,,,,
988,고양이와 통한 날,이안,2학년,초등학교,,,,
989,그림 그리는 아이 김홍도,정하섭,2학년,초등학교,,,,
990,기분을 말해 봐요,디디에 레비,2학년,초등학교,,,,
991,까막 나라에서 온 삽사리,정승각,2학년,초등학교,,,,
992,까치와 소담이의 수수께끼놀이,김성은,2학년,초등학교,,,,
993,꺼벙이 억수,유수천,2학년,초등학교,,,,
994,나는 나의 주인,채인선,2학년,초등학교,,,,
995,내 꿈은 방울토마토 엄마,허윤,2학년,초등학교,,,,
996,내가 도와 줄께,테니 오닐,2학년,초등학교,,,,
997,달을 마셨어요,김옥,2학년,초등학교,,,,
998,당나귀 실베스터와 요술 조약돌,윌리엄 스타이그,2학년,초등학교,,,,
999,도서관에 간 사자,미셀 누드슨,2학년,초등학교,,,,
1000,빈화분,데미,2학년,초등학교,,,,
1001,설문대할망,송재찬,2학년,초등학교,,,,
1002,십장생을 찾아서,최향랑,2학년,초등학교,,,,
1003,아주 무서운 날,탕무니우,2학년,초등학교,,,,
1004,욕심쟁이 딸기 아저씨,김유경,2학년,초등학교,,,,
1005,시간을 재는 눈금 시계,김향금,2학년,초등학교,,,,
1006,의좋은 형제,이현주,2학년,초등학교,,,,
1007,이모의 결혼식,선현경,2학년,초등학교,,,,
1008,임금님의 집 창덕궁,최재숙,2학년,초등학교,,,,
1009,작은 집 이야기,버지니아 버튼,2학년,초등학교,,,,
1010,절대로 실수하지 않는 아이,마크 펫,2학년,초등학교,,,,
1011,짧은 동화 긴 생각 1,이규경,2학년,초등학교,,,,
1012,치과 의사 드소토 선생님,윌리엄 스타이그,2학년,초등학교,,,,
1013,투발루에게 수영을 가르칠 걸 그랬어,유다정,2학년,초등학교,,,,
1014,피아노 치기는  지겨워,다비드 칼리,2학년,초등학교,,,,
1015,초대받은 아이들,황선미,3학년,초등학교,,,,
1016,"안중근, 하얼빈에 뜬 평화의 별",유순희,3학년,초등학교,,,,
1017,파스칼의 실수,플로랑스 세이보스,3학년,초등학교,,,,
1018,지구를 품은 착한 디자인,김대호,3학년,초등학교,,,,
1019,똥 싸는 도서관,김하늬,3학년,초등학교,,,,
1020,진정한 용기가 필요해,사라보세,3학년,초등학교,,,,
1021,프린들 주세요,앤드루 클레먼츠,3학년,초등학교,,,,
1022,고조선 건국신화,조현설,3학년,초등학교,,,,
1023,벌렁코 하영이,조성자,3학년,초등학교,,,,
1024,가방 들어주는 아이,고정욱,3학년,초등학교,,,,
1025,가짜 독서왕,김현태,3학년,초등학교,,,,
1026,분황사 우물에는 용이 산다,배유안,3학년,초등학교,,,,
1027,안네의 일기,안네프랑크,3학년,초등학교,,,,
1028,나의 아홉살 이야기,발레리 제나티,3학년,초등학교,,,,
1029,나보다 작은 형,임정진,3학년,초등학교,,,,
1030,"ceo 너구리, 은행장 부엉이, 그리고 족제비",하노,3학년,초등학교,,,,
1031,신통방통 분수,서지원,3학년,초등학교,,,,
1032,책귀신 세종대왕,이상배,3학년,초등학교,,,,
1033,방귀쟁이 며느리,신세정,3학년,초등학교,,,,
1034,우리 집 쓰레기통 좀 말려 줘,태미라,3학년,초등학교,,,,
1035,초등학생을 위한 탈무드 111가지,세상모든책 편집부,3학년,초등학교,,,,
1036,우리와 함께 살아가는 곤충 이야기,한영식,3학년,초등학교,,,,
1037,비밀의 화원,프랜시스 호즈슨,3학년,초등학교,,,,
1038,초등학생을 위한 인물 사전,돋움자리,3학년,초등학교,,,,
1039,신나게 자유롭게 뻥,황선미,3학년,초등학교,,,,
1040,참 좋은 짝,손동연,3학년,초등학교,,,,
1041,우리아이 창의력을 키워주는 신기한 로봇 백과,김수경,3학년,초등학교,,,,
1042,말로 때리면 안돼,김대조,3학년,초등학교,,,,
1043,너도나도 숟갈 들고 어서 오너라,양재홍,3학년,초등학교,,,,
1044,발레하는 할아버지,신원미,3학년,초등학교,,,,
1045,거인 부벨라와 지렁이 친구,지혜연,3학년,초등학교,,,,
1046,속담 하나 이야기 하나,임덕연,3학년,초등학교,,,,
1047,그림 도둑 준모,오승희,3학년,초등학교,,,,
1048,꼴찌라도 괜찮아,유계영,3학년,초등학교,,,,
1049,내 이름은 제인 구달,지네트 윈터,3학년,초등학교,,,,
1050,도토리 신랑,서정오,3학년,초등학교,,,,
1051,돼지책,앤서니 브라운,3학년,초등학교,,,,
1052,리디아의 정원,사라 스튜어트,3학년,초등학교,,,,
1053,만복이네 떡집,김리리,3학년,초등학교,,,,
1054,명절 속에 숨은 우리 과학,오주영,3학년,초등학교,,,,
1055,져야 이기는 내기,조지 섀넌,3학년,초등학교,,,,
1056,집요한 과학씨 청소부 곰팡이와 여행하다,유재일,3학년,초등학교,,,,
1057,짜장 짬뽕 탕수육,김영주,3학년,초등학교,,,,
1058,퐁퐁이와 툴툴이,조성자,3학년,초등학교,,,,
1059,프레드릭,레오 리오니,3학년,초등학교,,,,
1060,플랑크톤의 비밀,김종문,3학년,초등학교,,,,
1061,학교에 간 사자,필리파 피어스,3학년,초등학교,,,,
1062,행복한 비밀 하나,박성배,3학년,초등학교,,,,
1063,허풍이의 사서삼경,신문수,3학년,초등학교,,,,
1064,화요일의 두꺼비,러셀 에릭슨,3학년,초등학교,,,,
1065,아름다운가치사전,채인선,3학년,초등학교,,,,
1066,음악은 어디에서 오는걸까요?,도미틸 드 비에나,3학년,초등학교,,,,
1067,아씨방 일곱동무,이영경,3학년,초등학교,,,,
1068,"어흥, 호랑이가 달린다",김향금,3학년,초등학교,,,,
1069,식물이 좋아지는 식물책,김진옥,3학년,초등학교,,,,
1070,빨강 연필,신수현,4학년,초등학교,,,,
1071,으랏차차 뚱보클럽,전현정,4학년,초등학교,,,,
1072,영모가 사라졌다,공지희,4학년,초등학교,,,,
1073,말안하기 게임,앤드류 클레먼츠,4학년,초등학교,,,,
1074,슬플 땐 매운떡볶이,강정연,4학년,초등학교,,,,
1075,건방진 도도군,강정연,4학년,초등학교,,,,
1076,나는 뻐꾸기다,김혜연,4학년,초등학교,,,,
1077,수학대소동,코라리,4학년,초등학교,,,,
1078,너 정말 우리말 아니?,이어령,4학년,초등학교,,,,
1079,알고보니 내 생활이 다 과학,"김해보,정원선",4학년,초등학교,,,,
1080,나는야 늙은 5학년,조경숙,4학년,초등학교,,,,
1081,코끼리 아줌마의 햇살 도서관,김혜연,4학년,초등학교,,,,
1082,너는 닥스선생님이 싫으냐,하이타니 겐지로,4학년,초등학교,,,,
1083,내 생각은 누가해줘?,임사라,4학년,초등학교,,,,
1084,비굴이 아니라 굴비옵니다,김은의,4학년,초등학교,,,,
1085,위풍당당 질리홉킨스,캐서린 패터슨,4학년,초등학교,,,,
1086,외톨이 동물원,하이타니 겐지로,4학년,초등학교,,,,
1087,열 살에 꼭 알아야 할 한국사,김영호,4학년,초등학교,,,,
1088,만길이의 봄,조경숙,4학년,초등학교,,,,
1089,내 이름은 데셰,요커 판 레이우엔,4학년,초등학교,,,,
1090,바니의 유령,마거릿 마이,4학년,초등학교,,,,
1091,지붕이 들려주는 건축이야기,남궁담,4학년,초등학교,,,,
1092,잘못 뽑은 반장,이은재,4학년,초등학교,,,,
1093,신기루 도시의 정치를 구하라,황근기,4학년,초등학교,,,,
1094,감정사용법51: 토닥토닥 내마음,노여심,4학년,초등학교,,,,
1095,스마트폰 말고 스케이트 보드,송아주,4학년,초등학교,,,,
1096,벽속의 아이들,원명희,4학년,초등학교,,,,
1097,제이크의 뼈 박물관,제이크 맥고완-로,4학년,초등학교,,,,
1098,"굿모닝, 굿모닝?",한정영,4학년,초등학교,,,,
1099,가을이네 장 담그기,이규희,4학년,초등학교,,,,
1100,경제의 핏줄 화폐,김성호,4학년,초등학교,,,,
1101,고래를 그리는 아이,윤수천,4학년,초등학교,,,,
1102,고양이야 미안해,원유순,4학년,초등학교,,,,
1103,나는 통일이 좋아요,정혁,4학년,초등학교,,,,
1104,나라의 자랑 국보 이야기,우리누리,4학년,초등학교,,,,
1105,나무를 심은 사람,장 지오노,4학년,초등학교,,,,
1106,놀면서 배우는 세계축제 1,유경숙,4학년,초등학교,,,,
1107,돌아온 진돗개 백구,송재찬,4학년,초등학교,,,,
1108,루이 브라이,마가렛 데이비슨,4학년,초등학교,,,,
1109,마법의 설탕 두 조각,미하엘 엔데,4학년,초등학교,,,,
1110,마지막 거인,프랑수아 플라스,4학년,초등학교,,,,
1111,모네의 정원에서,크리스티나 비외르크,4학년,초등학교,,,,
1112,"미래 직업, 어디까지 아니?",박영숙,4학년,초등학교,,,,
1113,밤티마을 큰돌이네 집,이금이,4학년,초등학교,,,,
1114,부자 나라의 부자 아이 가난한 나라의 가난한 아이,장수하늘소,4학년,초등학교,,,,
1115,"생명, 알면 사랑하게 되지요",최재천,4학년,초등학교,,,,
1116,무지개 도시를 만드는 초록 슈퍼맨,김영숙,4학년,초등학교,,,,
1117,세상을 바꾼 위대한 책벌레들,김문태,4학년,초등학교,,,,
1118,숨은 쥐를 잡아라,보물섬 편집부,4학년,초등학교,,,,
1119,시튼 동물기,어니스트 톰슨 시튼,4학년,초등학교,,,,
1120,아름다운 꼴찌,이철환,4학년,초등학교,,,,
1121,우리는 한편이야,정영애,4학년,초등학교,,,,
1122,자유가 뭐예요?,오스카 브르니피에,4학년,초등학교,,,,
1123,조금만 조금만 더,존 레이놀즈,4학년,초등학교,,,,
1124,지구가 100명의 마을이라면,데이비드 스미스,4학년,초등학교,,,,
1125,쩌우까우 이야기,김기태,4학년,초등학교,,,,
1126,책귀신 세종대왕,이상배,4학년,초등학교,,,,
1127,칠판 앞에 나가기 싫어,다니엘 포세트,4학년,초등학교,,,,
1128,톰 아저씨의 오두막집,해리엣 비처 스토,4학년,초등학교,,,,
1129,공부가 되는 셰익스피어 4대 비극,윌리엄 셰익스피어,5학년,초등학교,,,,
1130,위대한 영혼 간디,이옥순,5학년,초등학교,,,,
1131,거상 김만덕,민병덕,5학년,초등학교,,,,
1132,지구마을 어린이 리포트,김현숙,5학년,초등학교,,,,
1133,고전을 펼치고 지구본을 돌려라.,강응천,5학년,초등학교,,,,
1134,공자 아저씨네 빵가게,김선희,5학년,초등학교,,,,
1135,우리도 가족입니다,지영,5학년,초등학교,,,,
1136,우물파는 아이들,린다 수 박,5학년,초등학교,,,,
1137,소크라테스 아저씨네 축구단,김하은,5학년,초등학교,,,,
1138,안중근이 들려주는 애국,배정진,5학년,초등학교,,,,
1139,노빈손 사기,박은철,5학년,초등학교,,,,
1140,다문화 이웃이 직접 들려 주는 다문화 전래동화,경인교대,5학년,초등학교,,,,
1141,다자구야 들자구야 할머니,김향이,5학년,초등학교,,,,
1142,내이름은 직지,이규희,5학년,초등학교,,,,
1143,둥글둥글 지구촌 종교 이야기,크리스티네,5학년,초등학교,,,,
1144,마틸다,로알드 달,5학년,초등학교,,,,
1145,모랫말 아이들,황석영,5학년,초등학교,,,,
1146,어린이를 위한 시크릿,"윤태익,김현태",5학년,초등학교,,,,
1147,어린이가 지구를 살리는 50가지 방법,어스웍스,5학년,초등학교,,,,
1148,경제를 배우는 14가지 돈의 비밀,신현배,5학년,초등학교,,,,
1149,미오 나의 미오,아스트리드 린드그,5학년,초등학교,,,,
1150,바닷가 아이들,권정생,5학년,초등학교,,,,
1151,우리 역사를 품은 8가지 그림 이야기,김종란,5학년,초등학교,,,,
1152,내 꿈은 누가 정해요,김효,5학년,초등학교,,,,
1153,세계을 움직이는 국제기구,박동석,5학년,초등학교,,,,
1154,역사 속 우리 법 이야기,홍경의,5학년,초등학교,,,,
1155,어린이를 위한 걸리버 여행기,조나단 스위프트,5학년,초등학교,,,,
1156,근데 너 왜 울어,편찬위원회,5학년,초등학교,,,,
1157,어린이를 위한 양성평등이야기,이해진,5학년,초등학교,,,,
1158,어린이를 위한 오래된 미래,헬레나 노르베리,5학년,초등학교,,,,
1159,길모퉁이 행운 돼지,김종렬,5학년,초등학교,,,,
1160,갈매기에게 나는 법을 가르쳐준 고양이,루이스 세뿔베다,5학년,초등학교,,,,
1161,꽃들에게 희망을,트리나 폴러스,5학년,초등학교,,,,
1162,나쁜 초콜릿,샐리 그린들리,5학년,초등학교,,,,
1163,나와 조금 다를 뿐이야,이금이,5학년,초등학교,,,,
1164,마당을 나온 암탉,황선미,5학년,초등학교,,,,
1165,마지막 왕자,강숙인,5학년,초등학교,,,,
1166,목민심서,이성률,5학년,초등학교,,,,
1167,받은 편지함,남찬숙,5학년,초등학교,,,,
1168,별똥별 아줌마가 들려 주는 우주 이야기,이지유,5학년,초등학교,,,,
1169,사라 버스를 타다,윌리엄 밀러,5학년,초등학교,,,,
1170,샬롯의 거미줄,엘윈 브룩스,5학년,초등학교,,,,
1171,세상을 잘 알게 도와주는 기행문,김해원,5학년,초등학교,,,,
1172,심청전: 효의 길을 묻다,이민아,5학년,초등학교,,,,
1173,아름다운 부자 이야기,신현배,5학년,초등학교,,,,
1174,아주 특별한 우리형,고정욱,5학년,초등학교,,,,
1175,어린이를 위한 바보 빅터,호아킴 데 포사다,5학년,초등학교,,,,
1176,어린이를 위한 신도 버린 사람들,나렌드라 자다브,5학년,초등학교,,,,
1177,엄마는 파업중,김희숙,5학년,초등학교,,,,
1178,이 세상에 태어나길 참 잘했다,박완서,5학년,초등학교,,,,
1179,조선에서 가장 재미난 이야기꾼,김기정,5학년,초등학교,,,,
1180,존아저씨의 꿈의 목록,존 고다드,5학년,초등학교,,,,
1181,좋아? 나빠? 인터넷과 스마트폰,이안,5학년,초등학교,,,,
1182,주머니쥐 할아버지가 들려주는 지혜로운 고양이 이야기,T.S 엘리어트,5학년,초등학교,,,,
1183,창가의 토토,쿠로나야기,5학년,초등학교,,,,
1184,책과 노니는 집,이영서,5학년,초등학교,,,,
1185,클로디아의 비밀,코닉스버그,5학년,초등학교,,,,
1186,하늘을 나는 교실,에리히 캐스트너,5학년,초등학교,,,,
1187,한국의 김치 이야기,이영란,5학년,초등학교,,,,
1188,어린이를 위한 오래된 미래,헬레나 노르베리호지,5학년,초등학교,,,,
1189,세상을 뒤흔든 31인의 바보들,장베르나르푸이,5학년,초등학교,,,,
1190,문학으로 배우는 세계사,심중수,5학년,초등학교,,,,
1191,세상을 바꾼 도전,최은영,5학년,초등학교,,,,
1192,앵그리맨,그로 달레,6학년,초등학교,,,,
1193,엄마의 법칙,김륭,6학년,초등학교,,,,
1194,"주인공이 무어, 따로 있나",서정홍,6학년,초등학교,,,,
1195,개고생,이창숙,6학년,초등학교,,,,
1196,나는 인도 김씨 김수로,윤혜숙,6학년,초등학교,,,,
1197,내 몸무게가 어때서?,이토 미쿠,6학년,초등학교,,,,
1198,봄이 오면 가께,기시모토신이치,6학년,초등학교,,,,
1199,광고의 비밀,김현주,6학년,초등학교,,,,
1200,괭이부리말 아이들 2.,김중미,6학년,초등학교,,,,
1201,초정리편지,배유안,6학년,초등학교,,,,
1202,"단원김홍도, 조선의 멋을 그리다",최석조,6학년,초등학교,,,,
1203,봉홧불을 올려라,서성자,6학년,초등학교,,,,
1204,블랙 아웃,박효미,6학년,초등학교,,,,
1205,사이렌,전성현,6학년,초등학교,,,,
1206,노잣돈 갚기 프로젝트,김진희,6학년,초등학교,,,,
1207,"샤오뿌, 어디 가니",쑨여우쥔,6학년,초등학교,,,,
1208,세상에서 가장 아름다운,캐롤 린치 윌리암스,6학년,초등학교,,,,
1209,10대와 통하는 요리 인류사,권은중,6학년,초등학교,,,,
1210,귀명창과 사라진 소리꾼,한정영,6학년,초등학교,,,,
1211,쉽게 읽는 백범일지,김구,6학년,초등학교,,,,
1212,"박수근, 소박한 이웃의 삶을 그리다",고태화,6학년,초등학교,,,,
1213,하늘을 나는 어린왕자,피터시스,6학년,초등학교,,,,
1214,"죽지 마, 무당벌레야!","이환희, 임정진",6학년,초등학교,,,,
1215,파브르에게 배우는 식물 이야기,노정임,6학년,초등학교,,,,
1216,망할 놈의 수학,카를로 프라베티,6학년,초등학교,,,,
1217,페달을 밟아라!,미셀 멀더,6학년,초등학교,,,,
1218,핵발전소의 비밀,강양구,6학년,초등학교,,,,
1219,미술의 역사를 바꾼 위대한 발명 13,폴로리안 하이네,6학년,초등학교,,,,
1220,생각 깨우기,이어령,6학년,초등학교,,,,
1221,무기 팔지 마세요,위기철,6학년,초등학교,,,,
1222,나의 간디이야기,라제시 차이티야반가드,6학년,초등학교,,,,
1223,10대를 위한 정의란 무엇인가,신현주,6학년,초등학교,,,,
1224,경주 최부잣집은 어떻게 베풀을까?,황혜진,6학년,초등학교,,,,
1225,가족을 주문해 드립니다.,한영미,6학년,초등학교,,,,
1226,간송 선생님이 다시 찾은 우리 문화유산 이야기,한상남,6학년,초등학교,,,,
1227,갈매기의 꿈,리처드 바크,6학년,초등학교,,,,
1228,공부가 되는 톨스토이 단편선,레프 톨스토이,6학년,초등학교,,,,
1229,하늘을 품은 소년,윤자명,6학년,초등학교,,,,
1230,교과서 중심 우리 대표 옛시조,안희웅,6학년,초등학교,,,,
1231,국경을 넘는 아이들,박현숙,6학년,초등학교,,,,
1232,논어 우리반을 흔들다,최은순,6학년,초등학교,,,,
1233,대화가 즐거워,김민화,6학년,초등학교,,,,
1234,돌도끼에서 우리별 3호까지,전상운,6학년,초등학교,,,,
1235,두 얼굴의 나라 미국 이야기,허용우,6학년,초등학교,,,,
1236,마틴 루터 킹,권태선,6학년,초등학교,,,,
1237,씨앗을 지키는 사람들,안미란,6학년,초등학교,,,,
1238,온양이,선안나,6학년,초등학교,,,,
1239,욕 전쟁,서석영,6학년,초등학교,,,,
1240,장애를 넘어 인류애에 이른 헬렌 켈러,권태선,6학년,초등학교,,,,
1241,지엠오 아이,문선이,6학년,초등학교,,,,
1242,책만 보는 바보,안소영,6학년,초등학교,,,,
1243,행복한 청소부,모니카 페트,6학년,초등학교,,,,
1244,뉴스속의 한국사,신문은,6학년,초등학교,,,,
1245,하늘을 품은 소년,윤자명,6학년,초등학교,,,,
1246,다산문선,정약용,1학년,고등학교,,,,
1247,임꺽정,홍명희,1학년,고등학교,,,,
1248,그 많던 싱아는 누가 다 먹었을까,박완서,1학년,고등학교,,,,
1249,광장,최인훈,1학년,고등학교,,,,
1250,태백산맥,조정래,1학년,고등학교,,,,
1251,토지,박경리,1학년,고등학교,,,,
1252,유배지에서 보낸 편지,정약용,1학년,고등학교,,,,
1253,가만히 좋아하는,김사인,1학년,고등학교,,,,
1254,개밥바라기별,황석영,1학년,고등학교,,,,
1255,태평천하,채만식,1학년,고등학교,,,,
1256,엄마를 부탁해,신경숙,1학년,고등학교,,,,
1257,열하광인,김탁환,1학년,고등학교,,,,
1258,난장이가 쏘아 올린 작은 공,조세희,1학년,고등학교,,,,
1259,선비답게 산다는 것,안대회,1학년,고등학교,,,,
1260,감옥으로부터의 사색,신영복,1학년,고등학교,,,,
1261,열하일기,박지원,1학년,고등학교,,,,
1262,일곱 개의 단어로 된 사전,진은영,1학년,고등학교,,,,
1263,고도를 기다리며,사무엘 베케트,2학년,고등학교,,,,
1264,돈키호테,세르반테스,2학년,고등학교,,,,
1265,마음,나쓰메 소세키,2학년,고등학교,,,,
1266,백년동안의 고독,마르케스,2학년,고등학교,,,,
1267,셰익스피어 선집,셰익스피어,2학년,고등학교,,,,
1268,아Q정전,루쉰,2학년,고등학교,,,,
1269,"일리아드, 오딧세이",호메로스,2학년,고등학교,,,,
1270,이갈리아의 딸들,게르드 브란튼베르그,2학년,고등학교,,,,
1271,내 이름은 빨강,오르한 파묵,2학년,고등학교,,,,
1272,다섯째 아이,도리스 레싱,2학년,고등학교,,,,
1273,"방드르디, 태평양의 끝",미셀 투르니에,2학년,고등학교,,,,
1274,어둠의 심연,조지프 콘래드,2학년,고등학교,,,,
1275,포우 단편선,애드거 앨런 포,2학년,고등학교,,,,
1276,픽션들,호르헤 르이스 보르헤스,1학년,고등학교,,,,
1277,호밀밭의 파수꾼,제론 데이비드 샐린저,1학년,고등학교,,,,
1278,논어,공자,2학년,고등학교,,,,
1279,맹자,맹자,2학년,고등학교,,,,
1280,목민심서,정약용,1학년,고등학교,,,,
1281,장자,장자,2학년,고등학교,,,,
1282,백범 일지,김구,2학년,고등학교,,,,
1283,권력이동,엘빈 토플러,2학년,고등학교,,,,
1284,제2의 성,시몬느 보봐르,2학년,고등학교,,,,
1285,고백록,아우구스티누스,2학년,고등학교,,,,
1286,철학과 굴뚝청소부,이진경,2학년,고등학교,,,,
1287,지식인을 위한 변명,장 폴 사르트르,2학년,고등학교,,,,
1288,소유냐 존재냐,에리히 프롬,2학년,고등학교,,,,
1289,자본론,칼 마르크스,2학년,고등학교,,,,
1290,군주론,니콜로 마키아벨리,2학년,고등학교,,,,
1291,정치사상사,조지 세이빈 외,2학년,고등학교,,,,
1292,"홉스봄 4부작(혁명의 시대, 자본의 시대, 제국의 시대, 극단의 시대)",에릭 홉스봄,2학년,고등학교,,,,
1293,사랑의 기술,에리히 프롬,2학년,고등학교,,,,
1294,새로운 미래를 말하다,폴 크루그먼,2학년,고등학교,,,,
1295,작은 것이 아름답다,E. F. 슈마허,2학년,고등학교,,,,
1296,죽은 경제학자의 살아있는 아이디어,토드 부크홀츠,2학년,고등학교,,,,
1297,세속의 철학자들,로버트 L.하일브로너,2학년,고등학교,,,,
1298,사다리 걷어차기,장하준,2학년,고등학교,,,,
1299,오래된 미래: 라다크로부터 배운다,헬레나 노르베리-호지,2학년,고등학교,,,,
1300,사빠띠스따,해리 클리버,2학년,고등학교,,,,
1301,제국,안토니오 네그리 외,2학년,고등학교,,,,
1302,생각의 좌표,홍세화,2학년,고등학교,,,,
1303,세계화의 덫,한스 페터 마르틴 외,2학년,고등학교,,,,
1304,당신들의 대한민국,박노자,2학년,고등학교,,,,
1305,마을이 세계를 구한다,마하트마 간디,2학년,고등학교,,,,
1306,고대문명교류사,정수일,2학년,고등학교,,,,
1307,진경시대,최완수 외,2학년,고등학교,,,,
1308,문화와 제국주의,에드워드 W. 사이드,2학년,고등학교,,,,
1309,물질문명과 자본주의,페르낭 브로델,2학년,고등학교,,,,
1310,한국미술의 역사,안휘준,2학년,고등학교,,,,
1311,문화의 수수께끼,마빈 해리스,2학년,고등학교,,,,
1312,문학과 예술의 사회사,아르놀트 하우저,2학년,고등학교,,,,
1313,서양미술사,E.H. 곰브리치,2학년,고등학교,,,,
1314,이탈리아 르네상스의 문화,야콥 부르크하르트,2학년,고등학교,,,,
1315,해석에 반대한다,수전 손택,2학년,고등학교,,,,
1316,역사란 무엇인가,E.H. 카아,2학년,고등학교,,,,
1317,나의 문화유산 답사기,유홍준,2학년,고등학교,,,,
1318,삼국유사,일연,2학년,고등학교,,,,
1319,"우리문화의 수수께끼1,2",주강현,2학년,고등학교,,,,
1320,사기열전,사마천,2학년,고등학교,,,,
1321,실크로드 문명기행,정수일,2학년,고등학교,,,,
1322,미쳐야 미친다,정민,2학년,고등학교,,,,
1323,과학혁명의 구조,토머스 S. 쿤,2학년,고등학교,,,,
1324,부분과 전체,베르너 하이젠베르크,2학년,고등학교,,,,
1325,객관성의 칼날,찰스 길리스피,2학년,고등학교,,,,
1326,이기적 유전자,리처드 도킨스,2학년,고등학교,,,,
1327,종의 기원,찰스 다윈,2학년,고등학교,,,,
1328,시간의 역사,스티븐 호킹,2학년,고등학교,,,,
1329,카오스,제임스 글리크,2학년,고등학교,,,,
1330,진실을 배반한 과학자들,윌리엄 브로드 외,2학년,고등학교,,,,
1331,같기도 하고 아니 같기도 하고,로얼드 호프만,2학년,고등학교,,,,
1332,현대물리학과 동양사상,프리초프 카프라,2학년,고등학교,,,,
1333,수학의 확실성,모리스 클라인,2학년,고등학교,,,,
1334,엔트로피,제레미 리프킨,2학년,고등학교,,,,
1335,엘러건트 유니버스,브라이언 그린,2학년,고등학교,,,,
1336,이중나선,제임스 D.왓슨,2학년,고등학교,,,,
1337,파인만씨 농담도 잘 하시네!,리차드 파인만,2학년,고등학교,,,,
1338,생각의 탄생,로버트 루트번스타인,2학년,고등학교,,,,
1339,통섭,에드워드 윌슨,2학년,고등학교,,,,
1340,"총,균,쇠",재레드 다이아몬드,2학년,고등학교,,,,
1341,거의 모든것의 역사,빌 브라이슨,2학년,고등학교,,,,
1342,프린키피아,아이작 뉴턴,2학년,고등학교,,,,
1343,침묵의 봄,레이첼 카슨,2학년,고등학교,,,,
1344,인체사냥,소니아 샤,3학년,고등학교,,,,
1345,푸른 요정을 찾아서,신상규,3학년,고등학교,,,,
1346,나이트,엘리 위젤,3학년,고등학교,,,,
1347,밤으로의 긴 여로,유진 오닐,3학년,고등학교,,,,
1348,생의 한 가운데서,루이제 린저,3학년,고등학교,,,,
1349,죽음의 수용소에서,빅터 프랭크,3학년,고등학교,,,,
1350,이반일리치의 죽음,톨스토이,3학년,고등학교,,,,
1351,잊지 말자 황우석,이형기,3학년,고등학교,,,,
1352,공부도둑,장회익,3학년,고등학교,,,,
1353,아직도 가야할 길,모건 스콧 펙,3학년,고등학교,,,,
1354,인간 치유,폴 트루니에,3학년,고등학교,,,,
1355,나는 이런 책을 읽어봤다,다치바나 다카시,3학년,고등학교,,,,
1356,다산선생 지식경영법,정민,3학년,고등학교,,,,
1357,몰입의 즐거움,미하이 칙센트미하이,3학년,고등학교,,,,
1358,블링크,말콤 글래드웰,3학년,고등학교,,,,
1359,생각을 넓혀주는 독서법,"모티머 J.애들러, 찰스 반 도렌",3학년,고등학교,,,,
1360,지식의 단련법,다치바나 다카시,3학년,고등학교,,,,
1361,책 어떻게 읽을 것인가?,고은,3학년,고등학교,,,,
1362,프로페셔널의 조건,피터 드러커,3학년,고등학교,,,,
1363,"나는 고백한다, 현대의학을",아툴 가완디,3학년,고등학교,,,,
1364,멋진 신세계,올더스 헉슬리,3학년,고등학교,,,,
1365,사회적 지위가 건강과 수명을 결정한다,마이클 마멋,3학년,고등학교,,,,
1366,없는 병도 만든다,외르크 블레흐,3학년,고등학교,,,,
1367,은유로서의 질병,수전 손택,3학년,고등학교,,,,
1368,의학이야기,히포크라테스,3학년,고등학교,,,,
1369,제약회사들은 어떻게 우리 주머니를 털었나,마르시아 안젤,3학년,고등학교,,,,
1370,"호열자, 조선을 습격하다",신동원,3학년,고등학교,,,,
1371,"FDA vs, 식약청",이형기,3학년,고등학교,,,,
1372,가격 결정의 기술,라피 모하메드,3학년,고등학교,,,,
1373,나쁜 사마리아인들,장하준,3학년,고등학교,,,,
1374,대한민국사(전 4권),한홍구,3학년,고등학교,,,,
1375,미래를 말하다,폴 크루그먼,3학년,고등학교,,,,
1376,어려운 시절,찰스 디킨스,3학년,고등학교,,,,
1377,오래된 미래,헬레나 노르베리 호지,3학년,고등학교,,,,
1378,왜 세계의 절반은 굶주리는가?,장 지글러,3학년,고등학교,,,,
1379,육식의 종말,제레미 리프킨,3학년,고등학교,,,,
1380,"이반 데니소비치, 수용소의 하루",알렉산드르 솔제니친,3학년,고등학교,,,,
1381,잡식동물의 딜레마,마이클 폴란,3학년,고등학교,,,,
1382,조영래 평전,안경환,3학년,고등학교,,,,
1383,퀴즈쇼,김영하,3학년,고등학교,,,,
1384,"한국의 평등주의, 그 마음의 습관",송호근,3학년,고등학교,,,,
1385,회색인,최인훈,3학년,고등학교,,,,
1386,"건축, 음악처럼 듣고 미술처럼 보다",서현,3학년,고등학교,,,,
1387,굿바이 클래식,조우석,3학년,고등학교,,,,
1388,서양미술사,에른스트 곰브리치,3학년,고등학교,,,,
1389,치유의 예술을 찾아서,버나드 라운,3학년,고등학교,,,,
1390,인턴X,닥터 X,3학년,고등학교,,,,
1391,종합병원 2.0 : Homo Infecticus,박재영,3학년,고등학교,,,,
1392,아리랑(조선인 혁명가 김산의 일생),"님 웨일스(작가), 김산(독립운동가)",3학년,고등학교,,,,
1393,작은 변화를 위한 아름다운 선택,트레이시 키더,3학년,고등학교,,,,
1394,조피 숄 평전,바바라 라이스너,3학년,고등학교,,,,
1395,체 게바라 평전,장 코르미에,3학년,고등학교,,,,
1396,폴 브랜드 평전,도로시 클라크 윌슨,3학년,고등학교,,,,
1397,난중일기,", 노승석 역",3학년,고등학교,,,,
1398,"내 영혼의 스승들(1,2)",필립 얀시,3학년,고등학교,,,,
1399,마하트마 간디,요게시 차다,3학년,고등학교,,,,
1400,쉽게 읽는 백범일지,김구,3학년,고등학교,,,,
1401,이순신의 두 얼굴,김태훈,3학년,고등학교,,,,
1402,자유를 향한 머나먼 여정(넬슨 만델라 자서전),넬슨 만델라,3학년,고등학교,,,,
1403,정관정요에서 배우는 난세를 이기는 지혜,양판,3학년,고등학교,,,,
1404,CEO 대통령의 7가지 리더쉽,데이비드 거겐,3학년,고등학교,,,,
1405,과학혁명의 구조,토마스 쿤,3학년,고등학교,,,,
1406,링크(21세기를 지배하는 네트워크 과학),알버트 바라바시,3학년,고등학교,,,,
1407,엔트로피,제레미 리프킨,3학년,고등학교,,,,
1408,이기적 유전자,리처드 도킨스,3학년,고등학교,,,,
1409,종의 기원,찰스 다윈,3학년,고등학교,,,,
1410,최무영 교수의 물리학 강의,최무영,3학년,고등학교,,,,
1411,거대한 괴물,폴 오스터,3학년,고등학교,,,,
1412,"도쿄타워 : 엄마와 나, 때로는 아버지",릴리 프랭키,3학년,고등학교,,,,
1413,바티스타 수술 팀의 영광,가이도 다케루,3학년,고등학교,,,,
1414,백석을 만나다,이숭원,3학년,고등학교,,,,
1415,소네트 시집,윌리엄 셰익스피어,3학년,고등학교,,,,
1416,어느 가슴엔들 시가 꽃피지 않으랴,문태준,3학년,고등학교,,,,
1417,주홍글씨,나다니엘 호손,3학년,고등학교,,,,
1418,천년 동안에,마루야마 겐지,3학년,고등학교,,,,
1419,천상병 전집,천상병,3학년,고등학교,,,,
1420,침묵,엔도 슈사쿠,3학년,고등학교,,,,
1421,칼의 노래,김훈,3학년,고등학교,,,,
1422,캉디드,볼테르,3학년,고등학교,,,,
1423,허삼관 매혈기,위화,3학년,고등학교,,,,
1424,혼불(전 10권),최명희,3학년,고등학교,,,,
1425,간화선,대한불교조계종 불학연구소,3학년,고등학교,,,,
1426,내가 알지 못했던 예수,필립 얀시,3학년,고등학교,,,,
1427,백악관에서 감옥까지,찰스 콜슨,3학년,고등학교,,,,
1428,소명,오스 기니스,3학년,고등학교,,,,
1429,"이야기 교회사 (1,2)",김기홍,3학년,고등학교,,,,
1430,전능자의 그늘,엘리자베스 엘리엇,3학년,고등학교,,,,
1431,참회록,성 어거스틴,3학년,고등학교,,,,
1432,하나님의 정치,짐 월리스,3학년,고등학교,,,,
1433,넛지,"리처드 탈러(대학교수),
캐스 선스타인(대학교수)",3학년,고등학교,,,,
1434,돈가스의 탄생,오카다 데쓰,3학년,고등학교,,,,
1435,로마인 이야기(전 15권),시오노 나나미,3학년,고등학교,,,,
1436,세상의 바보들에게 웃으면서 화내는 방법,움베르토 에코,3학년,고등학교,,,,
1437,스시 이코노미,사샤 아이센버그,3학년,고등학교,,,,
1438,윤치호 일기,"윤치호 저, 김상태 역",3학년,고등학교,,,,
1439,종교전쟁,"장대익, 신재식, 김윤성",3학년,고등학교,,,,
1440,"철학, 삶을 만나다",강신주(철학자),3학년,고등학교,,,,
1441,통섭,에드워드 윌슨,3학년,고등학교,,,,
1442,팡세,블레즈 파스칼,3학년,고등학교,,,,
1443,학교를 버려라,매트 헌,3학년,고등학교,,,,
1444,어쩌다 중학생 같은 걸 하고 있을까,쿠로노 신이치 저/장은선 역,1학년,중학교,,,,
1445,아주 철학적인 하루,피에르 Y. 부르딜 저/이주희 역,1학년,중학교,,,,
1446,스티브 잡스를 꿈꿔 봐,임원기 저/김범수 감수,1학년,중학교,,,,
1447,세상을 살린 10명의 용기 있는 과학자들,"레슬리 덴디,멜 보링 글/C.B 모단 그림/최창숙 역",1학년,중학교,,,,
1448,화가들의 초대,이일수 저,1학년,중학교,,,,
1449,우주선 안에서는 방귀 조심!,"한국항공우주연구원,고호관,김은영,김정훈,박영기,박태진,서금영,양길식,유기현,이태식,이혜림 등저",1학년,중학교,,,,
1450,그림자 아이들 3,마거릿 피터슨 해딕스 글/이혜선 역,1학년,중학교,,,,
1451,불량 가족 레시피,손현주 저,1학년,중학교,,,,
1452,평등과 자주를 외친 동학농민운동,이이화 글/김태현 그림,1학년,중학교,,,,
1453,그 여자가 우리 엄마야,로즈 임피 저/서민아 역,1학년,중학교,,,,
1454,그림자 아이들 4,마거릿 피터슨 해딕스 글/이혜선 역,1학년,중학교,,,,
1455,김영숙 선생님이 들려주는 서양 미술사,김영숙 저,1학년,중학교,,,,
1456,나는 합리적인 사람,최훈 저,1학년,중학교,,,,
1457,내 인생 최악의 학교,제임스 패터슨 저/김상우 역,1학년,중학교,,,,
1458,미술 시간에 세계사 공부하기,이장현 저/강응천 기획,1학년,중학교,,,,
1459,스티비 원더 이야기,마크 리보스키 저/정미나 역,1학년,중학교,,,,
1460,두 번째 기회,피트릭 코뱅 저/이정주 역,1학년,중학교,,,,
1461,동네 숲은 깊다,강우근 저,1학년,중학교,,,,
1462,열다섯 살의 용기,필립 후즈 저/김민석 역/엄기호 편저,1학년,중학교,,,,
1463,희망을 노래한 밥 말리,안주영 글/황영진 그림,1학년,중학교,,,,
1464,누구에게나 이야기는 있다,이문영 저,1학년,중학교,,,,
1465,바르삭,시몬 스트레인저 저/손화수 역,1학년,중학교,,,,
1466,세상을 바꾼 사람들,신재일 저/남동윤 그림,1학년,중학교,,,,
1467,별이 빛나는 밤,울리히 뵐크 저/전대호 역/유진희 그림,1학년,중학교,,,,
1468,"소년, 갯벌에서 길을 묻다",윤현석 글,1학년,중학교,,,,
1469,선물은 누구의 것이 될까?,제브데트 클르츠 저/이난아 역,1학년,중학교,,,,
1470,미스터 퐁 과학에 빠지다,송은영 저/박수영 그림,1학년,중학교,,,,
1471,마에스트로,자비에 로랑 쁘띠 저/윤예니 역,1학년,중학교,,,,
1472,10대와 통하는 우리말 바로쓰기,최종규 저/호연 그림,1학년,중학교,,,,
1473,철학을 담은 잔소리 통조림,마크 젤먼 글/황윤영 역,1학년,중학교,,,,
1474,찌아찌아 마을의 한글 학교,정덕영 저,1학년,중학교,,,,
1475,"그냥, 컬링",최상희 저,1학년,중학교,,,,
1476,"서울, 성 밖을 나서다",이현군 저,1학년,중학교,,,,
1477,자살한 양말,마리아순 란다 저/페데리코 델리카도 그림/유혜경 역,1학년,중학교,,,,
1478,바그다드에서 생긴 일,마르틴 푸생 글/김영신 역,1학년,중학교,,,,
1479,묻고 답하는 현대시 카페,"강영준 저/박건웅,고영미 그림",1학년,중학교,,,,
1480,깡통집,레슬리 코너 저/김경희 역,1학년,중학교,,,,
1481,불새처럼 일어나,캐런 헤스 저/유영종 역,1학년,중학교,,,,
1482,"내 청춘, 시속 370㎞",이송현 저,1학년,중학교,,,,
1483,톤즈의 약속,이병승 저/한수임 그림,1학년,중학교,,,,
1484,온 가족이 떠나는 종교 여행,김나미 저,1학년,중학교,,,,
1485,나쁜 점수,클레르 쥘리아르 저/김영신 역,1학년,중학교,,,,
1486,우리들의 7일 전쟁,소다 오사무 저/고향옥 역,1학년,중학교,,,,
1487,헨리 데이비드 소로,밀턴 멜처 저/권혁정 역,1학년,중학교,,,,
1488,철학은 엄마보다 힘이 쎄다,박기복 저/정주원 그림,1학년,중학교,,,,
1489,철학은 선생님보다 힘이 쎄다,박기복 저/정주원 그림,1학년,중학교,,,,
1490,부끄러움들,정영선 저,2학년,중학교,,,,
1491,사춘기 맞짱 뜨기,노경실 저,2학년,중학교,,,,
1492,내 이름은 왜?,이주희 저,2학년,중학교,,,,
1493,서바이벌 스쿨,게리 폴슨 저/신재실 역,2학년,중학교,,,,
1494,청소년을 위해 쉽게 풀어쓴 이이화의 인물 한국사 1,이이화 저,2학년,중학교,,,,
1495,우리들의 짭조름한 여름날,오채 저,2학년,중학교,,,,
1496,개는 농담을 하지 않는다,루이스 새커 저/장현주 역,2학년,중학교,,,,
1497,"안녕, 베할라",앤디 멀리건 저/하정임 역,2학년,중학교,,,,
1498,그림자 아이들 2,마거릿 피터슨 해딕스 글/이혜선 역,2학년,중학교,,,,
1499,도서관 여행,권희린 저,2학년,중학교,,,,
1500,남극은 왜?,장순근 저,2학년,중학교,,,,
1501,오래된 꿈,홍경의 글/김진이 그림,2학년,중학교,,,,
1502,"굿바이, 찰리 피스풀",마이클 모퍼고 저/공경희 역,2학년,중학교,,,,
1503,내 이름은 망고,추정경 저,2학년,중학교,,,,
1504,"분청, 꿈을 빚다",신현수 저,2학년,중학교,,,,
1505,"엄마, 우리는 골치 아픈 13살이야",알루보물레 수마나사라 저/최성현 역,2학년,중학교,,,,
1506,우리가 지구를 착한 별로 만들거야,마라 록클리프 글/제효영 역,2학년,중학교,,,,
1507,10대와 만나는 정치와 민주주의,고성국 저/김용민 그림/홍카툰 기획,2학년,중학교,,,,
1508,국어 시간이 기다려지는 우리 문학 이야기,장세현 글/최미란 그림,2학년,중학교,,,,
1509,사라진 명작,엘리스 브로치 글/켈리 머피 그림/김영선 역,2학년,중학교,,,,
1510,멋지기 때문에 놀러 왔지,설흔 저,2학년,중학교,,,,
1511,아름다운 어른이 되는 생각 습관,다니엘 리 편역,2학년,중학교,,,,
1512,대마도에서 만난 우리 역사,문사철 저,2학년,중학교,,,,
1513,깊게 보는 세계 명화,스테파노 추피 저/고종희 역,2학년,중학교,,,,
1514,"얘들아, DMZ에서 공을 차자!",박진섭 저,2학년,중학교,,,,
1515,도무라 반점의 형제들,세오 마이코 저/고향옥 역,2학년,중학교,,,,
1516,무엇이 될까보다 어떻게 살까를 꿈꿔라,김원석 저,2학년,중학교,,,,
1517,제자백가를 격파하라,좌백 저/한국철학사상연구회 감수/왕지성 그림,2학년,중학교,,,,
1518,체육 시간에 과학 공부하기,"전영석,홍준의 저",2학년,중학교,,,,
1519,그 녀석 덕분에,이경혜 저,2학년,중학교,,,,
1520,어른들이 말하지 않는 돈의 진실,송승용 저,2학년,중학교,,,,
1521,우리 풀꽃 이야기,"김영철 글/이승원,박동호 그림",2학년,중학교,,,,
1522,루케미아 루미,백승남 저,2학년,중학교,,,,
1523,중학생 톡톡톡,"유현승 기획,저",2학년,중학교,,,,
1524,패션을 보면 세계사가 보인다,피오나 맥도널드 글/김현좌 역,2학년,중학교,,,,
1525,갈라파고스의 꿈,"권영인,강정극 공저",2학년,중학교,,,,
1526,저스트 어 모멘트,이경화 저,2학년,중학교,,,,
1527,0의 비밀 화원,박현정 글/오윤화 그림,2학년,중학교,,,,
1528,바람이 사는 꺽다리 집,황선미 저,2학년,중학교,,,,
1529,소희의 방,이금이 저,2학년,중학교,,,,
1530,맨발로 희망을 쏘다,로리 홀스 앤더슨 글/홍주진 역,2학년,중학교,,,,
1531,20년간의 수요일,윤미향 저,2학년,중학교,,,,
1532,세상을 담은 아이스크림,전세라 글,2학년,중학교,,,,
1533,번데기 프로젝트,이제미 저,2학년,중학교,,,,
1534,토요일의 심리클럽,김서윤 저/김다명 그림,3학년,중학교,,,,
1535,배낭에서 꺼낸 수학,안소정 저,3학년,중학교,,,,
1536,민주주의를 만든 생각들 근현대편,"구민정,권재원 공편",3학년,중학교,,,,
1537,수학의 역사,지즈강 저/권수철 역/계영희 감수,3학년,중학교,,,,
1538,청소년을 위한 사회학 에세이,구정화 저,3학년,중학교,,,,
1539,백설공주는 왜 자꾸 문을 열어줄까,박현희 저,3학년,중학교,,,,
1540,십대를 위한 재미있는 어휘 교과서,서보건 저,3학년,중학교,,,,
1541,시턴 동물 이야기,어니스트 톰프슨 시턴 저/윤소영 역,3학년,중학교,,,,
1542,청소년 인권 수첩,"크리스티네 슐츠 라이스,공현 공저/안미라 역",3학년,중학교,,,,
1543,대한민국 청소년에게 2,"강수돌,고성국 등저",3학년,중학교,,,,
1544,"덤벼라, 인생","고성국,남경태 공저",3학년,중학교,,,,
1545,엄마가 한국으로 떠났어요,조선족 아이들과 어른 78명 저,3학년,중학교,,,,
1546,동사형 꿈!,김홍태 저,3학년,중학교,,,,
1547,교실 밖으로 걸어 나온 시,"김선우,손택수 공저",3학년,중학교,,,,
1548,그들은 어떻게 읽었을까,홍상진 저,3학년,중학교,,,,
1549,청소년자원봉사 어떻게 할까?,백은영 저,3학년,중학교,,,,
1550,할 말이 있다,허균 원작/이경혜 편/정정엽 그림,3학년,중학교,,,,
1551,믿는다는 것,이찬수 저/노석미 그림,3학년,중학교,,,,
1552,로빈의 붉은 실내,조정현 저,3학년,중학교,,,,
1553,독도를 부탁해,전국사회과교과연구회 편저,3학년,중학교,,,,
1554,열여덟 너의 존재감,박수현 저,3학년,중학교,,,,
1555,열일곱 살의 판타지 경제학,이고르 리프시츠 저/안드레이 빌딘 그림/한진희 역,3학년,중학교,,,,
1556,불량한 주스가게,"유하순,강미,신지영 공저",3학년,중학교,,,,
1557,민주주의를 만든 생각들 고대편,"구민정,권재원 공편",3학년,중학교,,,,
1558,학교 가는 언덕 길,"가와즈 기요에,허옥녀 공저/안햬룡 사진",3학년,중학교,,,,
1559,"조선의 가족, 천 개의 표정",이순구 저,3학년,중학교,,,,
1560,갑신년의 세 친구,안소영 저,3학년,중학교,,,,
1561,처음 소개 되는 체호프 단편소설,안톤 체호프 저/이승억 역,3학년,중학교,,,,
1562,"질러, 유라시아!",김창현 저,3학년,중학교,,,,
1563,마르셀의 여름 1,마르셀 파뇰 저/이재형 역/장자크 상페 그림,3학년,중학교,,,,
1564,마르셀의 여름 2,마르셀 파뇰 저/이재형 역/장자크 상페 그림,3학년,중학교,,,,
1565,"괜찮아, 열일곱 살",이나미 저,3학년,중학교,,,,
1566,"웰컴, 마이 퓨처",양호문 저,3학년,중학교,,,,
1567,넌 자유롭니?,"이오인 콜퍼,데이비드 알몬드 등저/김민석 역",3학년,중학교,,,,
1568,내 마음이 편해질 때까지,박영희 저,3학년,중학교,,,,
1569,주먹을 꼭 써야 할까?,이남석 저,3학년,중학교,,,,
1570,사회선생님도 궁금한 101가지 사회질문사전,전국사회교사모임 저/심차섭 그림,3학년,중학교,,,,
1571,조금 늦은 18살,하나가타 미쓰루 저/고향옥 역,3학년,중학교,,,,
1572,출발! 청소년 한국미술사,박갑영 저,3학년,중학교,,,,
1573,살아있는 지리 교과서 1,전국지리교사연합회 저,3학년,중학교,,,,
1574,살아있는 지리 교과서 2,전국지리교사연합회 저,3학년,중학교,,,,
1575,"41인의 여성지리학자, 세계의 틈새를 보다",한국여성지리학자회 저,3학년,중학교,,,,
1576,달팽이 안단테,엘리자베스 토바 베일리 저/김병순 역,3학년,중학교,,,,
1577,"찢어, Jean",문부일 저,3학년,중학교,,,,
1578,불량한 엄마,최영애 저,3학년,중학교,,,,
1579,조복성 곤충기,조복성 저/황의웅 편,3학년,중학교,,,,
1580,나를 바꾼 한 권의 책,안정한 저,3학년,중학교,,,,
1581,과학자의 서재,최재천 저,3학년,중학교,,,,
1582,문화유산 상식여행,오주환 저,3학년,중학교,,,,
1583,외로워서 그랬어요,문경보 저,3학년,중학교,,,,
1584,세 얼간이,체탄 바갓 저/정승원 역,3학년,중학교,,,,
1585,내 몸을 찾습니다,몸문화연구소 저,3학년,중학교,,,,
1586,내일을 읽는 토론학교 역사,"이이석,정행렬 등저",3학년,중학교,,,,
1587,정범기 추락사건,정은숙 저,3학년,중학교,,,,
1588,"지리 선생님, 스크린에 풍덩!",전국사회과교과연구회 저,3학년,중학교,,,,
1589,벨리퉁 섬의 무지개 학교 1,안드레아 히라타 저/김선희 역,3학년,중학교,,,,
1590,벨리퉁 섬의 무지개 학교 2,안드레아 히라타 저/김선희 역,3학년,중학교,,,,
1591,까막딱따구리 숲,김성호 저,3학년,중학교,,,,
1592,달려라 배달 민족,양호문 저,3학년,중학교,,,,
1593,한 권으로 만나는 고구려 답사 길잡이,윤명철 저,3학년,중학교,,,,
1594,사라진 조각,황선미 저,3학년,중학교,,,,
1595,느낀다는 것,채운 글/정지혜 그림,3학년,중학교,,,,
1596,발길 따라 배우는 우리 근현대사,김광일 저,3학년,중학교,,,,
1597,세계지도 지리 이야기,디딤 저/서영철 그림,3학년,중학교,,,,
1598,생각을 발견하는 토론학교 철학,"최훈,박의준 공저",3학년,중학교,,,,
1599,"클릭, 에린의 비밀 블로그",데니즈 베가 저/최지현 역,3학년,중학교,,,,
1600,나는 무슨 일 하며 살아야 할까?,"이철수,박현희,송승훈,배경내,하종강 공저",3학년,중학교,,,,
1601,사춘기 국어교과서,"김보일,고흥준 공저/마정원 그림",3학년,중학교,,,,
1602,중국 민화집,브리오 출판사 편집부 편/레나타 푸치코바 그림/류재화 역,3학년,중학교,,,,
1603,내 생애 가장 용감했던 17일,한국로체청소년원정대 저/정훈이 그림,3학년,중학교,,,,
1604,우주에 남은 마지막 책,로드먼 필브릭 저/김희정 역,3학년,중학교,,,,
1605,도미노 구라파식 이층집,박선희 저,3학년,중학교,,,,
1606,경계에서 길을 묻다,"매리 호프먼,리애넌 래시터 편저/신상호,김화경 공역",3학년,중학교,,,,
1607,날짜 변경선,전삼혜 저,3학년,중학교,,,,
1608,엄마의 팬클럽,정란희 저,3학년,중학교,,,,
1609,수냐의 수학카페 1,김용관 저,3학년,중학교,,,,
1610,고통으로 그린 희망의 얼굴 프리다 칼로,염명순 저,3학년,중학교,,,,
1611,나는 한 번이라도 뜨거웠을까?,베벌리 나이두 저/고은옥 역,3학년,중학교,,,,
1612,국어 원리 교과서,"류대성,서덕희 공저",3학년,중학교,,,,
1613,시크릿 스페이스,서울과학교사모임 저,3학년,중학교,,,,
1614,미래를 여는 건축,안젤라 로이스턴 저/이승복 편역,3학년,중학교,,,,
1615,5분 철학 오프너,줄리아 드 퓌네스 저/이나무 역,3학년,중학교,,,,
1616,주머니 속의 대중음악,윤호준 저,3학년,중학교,,,,
1617,말랑하고 쫀득한 경제 이야기,신태준 저/박종민 역/이토 미츠루 그림,3학년,중학교,,,,
1618,우주의 비밀,아이작 아시모프 저/이충호 역,3학년,중학교,,,,
1619,하루 10분 일주일 딸과 기후변화를 생각하다,장마르크 장코비시 저/안수연 역,3학년,중학교,,,,
1620,펄 벅을 좋아하나요?,안치 민 저/정윤희 역,3학년,중학교,,,,
1621,아무것도 묻지 마세요,마리나 부도스 저/김민석 역,3학년,중학교,,,,
1622,파랑 피,메리 E. 피어슨 저/황소연 역,3학년,중학교,,,,
1623,"그래, 지금은 조금 흔들려도 괜찮아",신현수 등저,3학년,중학교,,,,
1624,망고 한 조각,"마리아투 카마라,수전 맥클리랜드 공저/위문숙 역",3학년,중학교,,,,
1625,ID를 입력하세요: 엘리스 월드,선자은 저,3학년,중학교,,,,
1626,처음 읽는 미국사,전국역사교사모임 저,3학년,중학교,,,,